"reviewStatus"	"reviewNote"	"genre"	"macroGenre"	"matchScore"	"reviewPriority"	"recommendation"	"riskFlags"	"title"	"creator"	"license"	"licenseUrl"	"referenceUrl"	"candidateAudioUrl"	"subject"	"identifier"
""	"Candidate only. Verify license, genre label, and audio quality before downloading outside the repo and importing as formal CC audio."	"アニメソング"	"pop"	"62"	"82"	"review-first"	""	"Aenvelora —「終焉の誓い」( Shūen No Chikai Oath At The End)"	"Aenvelora, Aenvelora "	"CC-BY-NC-ND"	"https://creativecommons.org/licenses/by-nc-nd/4.0/"	"https://archive.org/details/aenvelora-shuen-no-chikai-oath-at-the-end"	"https://archive.org/download/aenvelora-shuen-no-chikai-oath-at-the-end/Aenvelora%20%E2%80%94%E3%80%8C%E7%B5%82%E7%84%89%E3%81%AE%E8%AA%93%E3%81%84%E3%80%8D(Sh%C5%ABen%20no%20Chikai%20Oath%20at%20the%20End).flac"	"Anime OST; Rock; Progressive Rock; Alternative Rock"	"aenvelora-shuen-no-chikai-oath-at-the-end"
""	"Candidate only. Verify license, genre label, and audio quality before downloading outside the repo and importing as formal CC audio."	"アニメソング"	"pop"	"61"	"35"	"reject-or-review-carefully"	"sample-or-collection-pack"	"Ethno Indigo Records Collection Packs"	"Ethno Indigo Records"	"CC-BY-ND"	"http://creativecommons.org/licenses/by-nd/3.0/"	"https://archive.org/details/CollectionHeader_33"	"https://archive.org/download/CollectionHeader_33/EthnoIndigoRev.flac"	"Ethno Indigo Records; Ambient; IDM; Electronica; Jazz; Noise; Glitch; Lo-Fi; Field Recording; Computer VST Music"	"CollectionHeader_33"
""	"Candidate only. Verify license, genre label, and audio quality before downloading outside the repo and importing as formal CC audio."	"アニメソング"	"pop"	"61"	"28"	"reject-or-review-carefully"	"ai-generated-or-ai-tagged"	"We’ll Meet Again"	"Chowstér — Royalty Free Music"	"CC-BY"	"https://creativecommons.org/licenses/by/4.0/"	"https://archive.org/details/well-meet-again_202511"	"https://archive.org/download/well-meet-again_202511/We%E2%80%99ll%20Meet%20Again.mp3"	"anime ending; j-pop; japanese music; soft rock; emotional music; sad anime song; bittersweet; royalty free music; copyright free music; anime soundtrack; amv music; anime edit music; free to use music; ai music; suno ai; nostalgic; melancholic; japanese lyrics; anime vibes; ending theme; cinematic music; jpop ballad; free soundtrack; original music"	"well-meet-again_202511"
""	"Candidate only. Verify license, genre label, and audio quality before downloading outside the repo and importing as formal CC audio."	"アニメソング"	"pop"	"61"	"81"	"review-first"	""	"No Destination"	"Worlich"	"CC-BY-NC-ND"	"http://creativecommons.org/licenses/by-nc-nd/3.0/"	"https://archive.org/details/NoDestination"	"https://archive.org/download/NoDestination/09.Transitoria-TempusFugit.flac"	"worlich; no; destination; alternative; pop; rock; indie; italy; italian; placebo; smashing; pumpkins; pixies; built; spill; sonic; youth; pavement; bloody; valentine; cure"	"NoDestination"
""	"Candidate only. Verify license, genre label, and audio quality before downloading outside the repo and importing as formal CC audio."	"アニメソング"	"pop"	"61"	"81"	"review-first"	""	"/jp/ Themesong 2"	"Original author insists to be attributed as ""Anonymous"""	"CC-BY"	"http://creativecommons.org/licenses/by/3.0/"	"https://archive.org/details/Jp_Themesong_2"	"https://archive.org/download/Jp_Themesong_2/jp_Themesong_2_(Instrumental).flac"	"jp; themesong; otaku; culture; 4chan"	"Jp_Themesong_2"
""	"Candidate only. Verify license, genre label, and audio quality before downloading outside the repo and importing as formal CC audio."	"アニメソング"	"pop"	"61"	"28"	"reject-or-review-carefully"	"ai-generated-or-ai-tagged"	"Echoes In The Twilight"	"Chowstér — Royalty Free Music"	"CC-BY"	"https://creativecommons.org/licenses/by/4.0/"	"https://archive.org/details/echoes-in-the-twilight"	"https://archive.org/download/echoes-in-the-twilight/Echoes%20in%20the%20Twilight.mp3"	"anime ending; copyright free music; royalty free; emotional music; japanese style; soft male vocal; suno ai; bittersweet; chowstér; cinematic soundtrack; sunset; nostalgic; creative commons music"	"echoes-in-the-twilight"
""	"Candidate only. Verify license, genre label, and audio quality before downloading outside the repo and importing as formal CC audio."	"オペラ"	"classical"	"61"	"91"	"review-first"	""	"Tryad - Public Domain"	"Tryad"	"CC-BY-SA"	"http://creativecommons.org/licenses/by-sa/2.5/"	"https://archive.org/details/TryadTryadPublicDomain"	"https://archive.org/download/TryadTryadPublicDomain/Tryad__06__Witness.mp3"	"tryad; creative commons; music; trip-hop; alt rock; alternative; open source music; open source; opensource"	"TryadTryadPublicDomain"
""	"Candidate only. Verify license, genre label, and audio quality before downloading outside the repo and importing as formal CC audio."	"オペラ"	"classical"	"61"	"63"	"maybe-review"	""	"BS052 Mother Superior and Her Fields of Migraine"	"Radio For The Daydreamers"	"CC-BY-NC-ND"	"http://creativecommons.org/licenses/by-nc-nd/3.0/"	"https://archive.org/details/BS052"	"https://archive.org/download/BS052/10-No_One_Ever_Comes_Here_But_Me-Dod_Av_En_Spokelse_Versjon.mp3"	"Post-Rock; Other: Creative Commons; Black Square"	"BS052"
""	"Candidate only. Verify license, genre label, and audio quality before downloading outside the repo and importing as formal CC audio."	"オペラ"	"classical"	"60"	"90"	"review-first"	""	"Complex Numbers - 2032: Легенда о несбывшемся грядущем. Техно-опера."	"Complex Numbers"	"CC-BY-SA"	"http://creativecommons.org/licenses/by-sa/3.0/"	"https://archive.org/details/jamendo-488156"	"https://archive.org/download/jamendo-488156/33-1957536-Complex%20Numbers-2032%20_____%202.mp3"	"electronic; electropop; eurodance; happy; neutral; retro; synthesizer; Album"	"jamendo-488156"
""	"Candidate only. Verify license, genre label, and audio quality before downloading outside the repo and importing as formal CC audio."	"オペラ"	"classical"	"58"	"60"	"maybe-review"	""	"2009/05/01 Direkt Laiiw From Ze Hell Zass"	"Direkt Laiw From Ze Hell Zass"	"CC-BY-NC-ND"	"http://creativecommons.org/licenses/by-nc-nd/2.0/fr/"	"https://archive.org/details/20090501DirektLaiiwFromZeHellZass"	"https://archive.org/download/20090501DirektLaiiwFromZeHellZass/02DeuxiemePartieLeSoprano.mp3"	"french; radio; dogmazic; musique libre; spiritual; rock; opera; classical; bel-canto; hebrew; latine; alessandro moreschi; moreschi"	"20090501DirektLaiiwFromZeHellZass"
""	"Candidate only. Verify license, genre label, and audio quality before downloading outside the repo and importing as formal CC audio."	"オペラ"	"classical"	"57"	"77"	"maybe-review"	""	"Raíces 447 16012020 Samuel Maýnez Champion"	"Raíces UDEM"	"CC-BY-NC-ND"	"https://creativecommons.org/licenses/by-nc-nd/4.0/"	"https://archive.org/details/raices44716012020samuelmaynezchampion"	"https://archive.org/download/raices44716012020samuelmaynezchampion/Ra%C3%ADces%20447%20-%2016012020%20-%20Samuel%20Ma%C3%BDnez%20Champion.mp3"	"Conquista; Tenochtitlan; Moctezuma; Samuel Máynez; Ópera"	"raices44716012020samuelmaynezchampion"
""	"Candidate only. Verify license, genre label, and audio quality before downloading outside the repo and importing as formal CC audio."	"シティ・ポップ"	"pop"	"62"	"68"	"maybe-review"	""	"1993 Toyota Corolla"	"2003 Toyota Corolla"	"CC-BY-SA"	"https://creativecommons.org/licenses/by-sa/4.0/"	"https://archive.org/details/BFTG_264"	"https://archive.org/download/BFTG_264/04%201996%20Toyota%20Corolla.flac"	"late night lo-fi; barber beats sucks; frutiger metro; frutiger aero; barber beats; vaporwave"	"BFTG_264"
""	"Candidate only. Verify license, genre label, and audio quality before downloading outside the repo and importing as formal CC audio."	"シティ・ポップ"	"pop"	"61"	"7"	"reject-or-review-carefully"	"spoken-word"	"Other Side Cask 1"	"Frank Edward Nora"	"CC-BY-NC-ND"	"http://creativecommons.org/licenses/by-nc-nd/3.0/"	"https://archive.org/details/Other_Side_Cask_1"	"https://archive.org/download/Other_Side_Cask_1/Other_Side_Cask_1_07_946.MP3"	"ons; onsug; overnightscape; overnightscape underground; frank nora; frank edward nora; nightpool; night pool; rampler; sheps; stream of consciousness; monologue; talk shows; internet radio; podcasting; bluffcosm; onsugta"	"Other_Side_Cask_1"
""	"Candidate only. Verify license, genre label, and audio quality before downloading outside the repo and importing as formal CC audio."	"シティ・ポップ"	"pop"	"61"	"7"	"reject-or-review-carefully"	"spoken-word"	"Other Side Cask 3"	"Frank Edward Nora"	"CC-BY-NC-ND"	"http://creativecommons.org/licenses/by-nc-nd/3.0/"	"https://archive.org/details/Other_Side_Cask_3"	"https://archive.org/download/Other_Side_Cask_3/Other_Side_Cask_3_06_os37_979.mp3"	"ons; onsug; overnightscape; overnightscape underground; frank nora; frank edward nora; nightpool; night pool; rampler; sheps; stream of consciousness; monologue; talk shows; internet radio; podcasting; bluffcosm; onsugta"	"Other_Side_Cask_3"
""	"Candidate only. Verify license, genre label, and audio quality before downloading outside the repo and importing as formal CC audio."	"シティ・ポップ"	"pop"	"61"	"7"	"reject-or-review-carefully"	"spoken-word"	"Other Side Cask 2"	"Frank Edward Nora"	"CC-BY-NC-ND"	"http://creativecommons.org/licenses/by-nc-nd/3.0/"	"https://archive.org/details/Other_Side_Cask_2"	"https://archive.org/download/Other_Side_Cask_2/Other_Side_Cask_2_13_os28_970.mp3"	"ons; onsug; overnightscape; overnightscape underground; frank nora; frank edward nora; nightpool; night pool; rampler; sheps; stream of consciousness; monologue; talk shows; internet radio; podcasting; bluffcosm; onsugta"	"Other_Side_Cask_2"
""	"Candidate only. Verify license, genre label, and audio quality before downloading outside the repo and importing as formal CC audio."	"シティ・ポップ"	"pop"	"61"	"7"	"reject-or-review-carefully"	"spoken-word"	"Other Side Cask 4"	"Frank Edward Nora"	"CC-BY-NC-ND"	"http://creativecommons.org/licenses/by-nc-nd/4.0/"	"https://archive.org/details/Other_Side_Cask_4"	"https://archive.org/download/Other_Side_Cask_4/Other_Side_Cask_4_13_os72_1014.mp3"	"ons; onsug; overnightscape; overnightscape underground; frank nora; frank edward nora; nightpool; night pool; rampler; sheps; stream of consciousness; monologue; talk shows; internet radio; podcasting; bluffcosm; onsugta"	"Other_Side_Cask_4"
""	"Candidate only. Verify license, genre label, and audio quality before downloading outside the repo and importing as formal CC audio."	"シティ・ポップ"	"pop"	"61"	"7"	"reject-or-review-carefully"	"spoken-word"	"The Overnightscape Underground - February 2013"	"Frank Edward Nora"	"CC-BY-NC-ND"	"http://creativecommons.org/licenses/by-nc-nd/3.0/"	"https://archive.org/details/The_Overnightscape_Underground-February_2013"	"https://archive.org/download/The_Overnightscape_Underground-February_2013/onsug_Feb13_19_The_Overnightscape_951_Elevator_To_Brazil.mp3"	"ons; onsug; overnightscape; overnightscape underground; frank nora; frank edward nora; nightpool; night pool; rampler; sheps; stream of consciousness; monologue; talk shows; internet radio; podcasting; bluffcosm; onsugta"	"The_Overnightscape_Underground-February_2013"
""	"Candidate only. Verify license, genre label, and audio quality before downloading outside the repo and importing as formal CC audio."	"シティ・ポップ"	"pop"	"61"	"7"	"reject-or-review-carefully"	"spoken-word"	"The Overnightscape Underground - January 2009"	"Frank Edward Nora"	"CC-BY-NC-ND"	"http://creativecommons.org/licenses/by-nc-nd/3.0/us/"	"https://archive.org/details/TheOvernightscapeUnderground-January2009"	"https://archive.org/download/TheOvernightscapeUnderground-January2009/onsug_Jan09_31_tmer1_Feb01.mp3"	"ons; onsug; overnightscape; overnightscape underground; frank nora; frank edward nora; nightpool; night pool; rampler; sheps; stream of consciousness; monologue; talk shows; internet radio; podcasting; bluffcosm; onsugta"	"TheOvernightscapeUnderground-January2009"
""	"Candidate only. Verify license, genre label, and audio quality before downloading outside the repo and importing as formal CC audio."	"シティ・ポップ"	"pop"	"61"	"7"	"reject-or-review-carefully"	"spoken-word"	"The Overnightscape Underground - January 2011"	"Frank Edward Nora"	"CC-BY-NC-ND"	"http://creativecommons.org/licenses/by-nc-nd/3.0/"	"https://archive.org/details/The_Overnightscape_Underground-January_2011"	"https://archive.org/download/The_Overnightscape_Underground-January_2011/onsug_Jan11_73_Insig_ClCh.mp3"	"ons; onsug; overnightscape; overnightscape underground; frank nora; frank edward nora; nightpool; night pool; rampler; sheps; stream of consciousness; monologue; talk shows; internet radio; podcasting; bluffcosm; onsugta"	"The_Overnightscape_Underground-January_2011"
""	"Candidate only. Verify license, genre label, and audio quality before downloading outside the repo and importing as formal CC audio."	"シティ・ポップ"	"pop"	"61"	"7"	"reject-or-review-carefully"	"spoken-word"	"The Overnightscape Underground - May 2012"	"Frank Edward Nora"	"CC-BY-NC-ND"	"http://creativecommons.org/licenses/by-nc-nd/3.0/"	"https://archive.org/details/The_Overnightscape_Underground-May_2012"	"https://archive.org/download/The_Overnightscape_Underground-May_2012/onsug_May12_37_The_Overnightscape_879_Manhattan_Freedom.mp3"	"ons; onsug; overnightscape; overnightscape underground; frank nora; frank edward nora; nightpool; night pool; rampler; sheps; stream of consciousness; monologue; talk shows; internet radio; podcasting; bluffcosm; onsugta"	"The_Overnightscape_Underground-May_2012"
""	"Candidate only. Verify license, genre label, and audio quality before downloading outside the repo and importing as formal CC audio."	"シティ・ポップ"	"pop"	"61"	"7"	"reject-or-review-carefully"	"spoken-word"	"The Overnightscape Underground - May 2014"	"Frank Edward Nora"	"CC-BY-NC-ND"	"http://creativecommons.org/licenses/by-nc-nd/3.0/"	"https://archive.org/details/The_Overnightscape_Underground-May_2014"	"https://archive.org/download/The_Overnightscape_Underground-May_2014/onsug_May14_63_The_Overnightscape_1081_The_Audio_Field_Trip_29.mp3"	"ons; onsug; overnightscape; overnightscape underground; frank nora; frank edward nora; nightpool; night pool; rampler; sheps; stream of consciousness; monologue; talk shows; internet radio; podcasting; bluffcosm; onsugta"	"The_Overnightscape_Underground-May_2014"
""	"Candidate only. Verify license, genre label, and audio quality before downloading outside the repo and importing as formal CC audio."	"シティ・ポップ"	"pop"	"61"	"7"	"reject-or-review-carefully"	"spoken-word"	"The Overnightscape Underground - September 2013"	"Frank Edward Nora"	"CC-BY-NC-ND"	"http://creativecommons.org/licenses/by-nc-nd/3.0/"	"https://archive.org/details/The_Overnightscape_Underground-September_2013"	"https://archive.org/download/The_Overnightscape_Underground-September_2013/onsug_Sep13_12_The_Overnightscape_1003_Subductivate.mp3"	"ons; onsug; overnightscape; overnightscape underground; frank nora; frank edward nora; nightpool; night pool; rampler; sheps; stream of consciousness; monologue; talk shows; internet radio; podcasting; bluffcosm; onsugta"	"The_Overnightscape_Underground-September_2013"
""	"Candidate only. Verify license, genre label, and audio quality before downloading outside the repo and importing as formal CC audio."	"シティ・ポップ"	"pop"	"61"	"7"	"reject-or-review-carefully"	"spoken-word"	"Overnightscape-  Vault 1 (1969–2006)"	"Frank Edward Nora"	"CC-BY-NC-ND"	"http://creativecommons.org/licenses/by-nc-nd/3.0/"	"https://archive.org/details/Overnightscape-Vault_1_1969-2006"	"https://archive.org/download/Overnightscape-Vault_1_1969-2006/onsug_vault_Misc_07_arcade.mp3"	"ons; onsug; overnightscape; overnightscape underground; frank nora; frank edward nora; nightpool; night pool; rampler; sheps; stream of consciousness; monologue; talk shows; internet radio; podcasting; bluffcosm; onsugta"	"Overnightscape-Vault_1_1969-2006"
""	"Candidate only. Verify license, genre label, and audio quality before downloading outside the repo and importing as formal CC audio."	"シティ・ポップ"	"pop"	"61"	"7"	"reject-or-review-carefully"	"spoken-word"	"The Overnightscape Underground - August 2014"	"Frank Edward Nora"	"CC-BY-NC-ND"	"http://creativecommons.org/licenses/by-nc-nd/3.0/"	"https://archive.org/details/The_Overnightscape_Underground-August_2014"	"https://archive.org/download/The_Overnightscape_Underground-August_2014/onsug_Aug14_32_Earweird_1-2-3-4.mp3"	"ons; onsug; overnightscape; overnightscape underground; frank nora; frank edward nora; nightpool; night pool; rampler; sheps; stream of consciousness; monologue; talk shows; internet radio; podcasting; bluffcosm; onsugta"	"The_Overnightscape_Underground-August_2014"
""	"Candidate only. Verify license, genre label, and audio quality before downloading outside the repo and importing as formal CC audio."	"シティ・ポップ"	"pop"	"61"	"7"	"reject-or-review-carefully"	"spoken-word"	"The Overnightscape Underground - February 2009"	"Frank Edward Nora"	"CC-BY-NC-ND"	"http://creativecommons.org/licenses/by-nc-nd/3.0/us/"	"https://archive.org/details/TheOvernightscapeUnderground-February2009"	"https://archive.org/download/TheOvernightscapeUnderground-February2009/onsug_Feb09_31_beneath_1.mp3"	"ons; onsug; overnightscape; overnightscape underground; frank nora; frank edward nora; nightpool; night pool; rampler; sheps; stream of consciousness; monologue; talk shows; internet radio; podcasting; bluffcosm; onsugta"	"TheOvernightscapeUnderground-February2009"
""	"Candidate only. Verify license, genre label, and audio quality before downloading outside the repo and importing as formal CC audio."	"シティ・ポップ"	"pop"	"61"	"7"	"reject-or-review-carefully"	"spoken-word"	"The Overnightscape Underground - May 2013"	"Frank Edward Nora"	"CC-BY-NC-ND"	"http://creativecommons.org/licenses/by-nc-nd/3.0/"	"https://archive.org/details/The_Overnightscape_Underground-May_2013"	"https://archive.org/download/The_Overnightscape_Underground-May_2013/onsug_May13_58_The_Overnightscape_972_Walrus_Tut_Trio.mp3"	"ons; onsug; overnightscape; overnightscape underground; frank nora; frank edward nora; nightpool; night pool; rampler; sheps; stream of consciousness; monologue; talk shows; internet radio; podcasting; bluffcosm; onsugta"	"The_Overnightscape_Underground-May_2013"
""	"Candidate only. Verify license, genre label, and audio quality before downloading outside the repo and importing as formal CC audio."	"シティ・ポップ"	"pop"	"61"	"7"	"reject-or-review-carefully"	"spoken-word"	"The Overnightscape Underground - September 2014"	"Frank Edward Nora"	"CC-BY-NC-ND"	"http://creativecommons.org/licenses/by-nc-nd/3.0/"	"https://archive.org/details/The_Overnightscape_Underground-September_2014"	"https://archive.org/download/The_Overnightscape_Underground-September_2014/onsug_Sep14_16_Earweird_5-6-7-8.mp3"	"ons; onsug; overnightscape; overnightscape underground; frank nora; frank edward nora; nightpool; night pool; rampler; sheps; stream of consciousness; monologue; talk shows; internet radio; podcasting; bluffcosm; onsugta"	"The_Overnightscape_Underground-September_2014"
""	"Candidate only. Verify license, genre label, and audio quality before downloading outside the repo and importing as formal CC audio."	"シティ・ポップ"	"pop"	"61"	"7"	"reject-or-review-carefully"	"spoken-word"	"The Overnightscape Underground - April 2013"	"Frank Edward Nora"	"CC-BY-NC-ND"	"http://creativecommons.org/licenses/by-nc-nd/3.0/"	"https://archive.org/details/The_Overnightscape_Underground-April_2013"	"https://archive.org/download/The_Overnightscape_Underground-April_2013/onsug_Apr13_63_The_Overnightscape_968_Atom_Age_Vamp.mp3"	"ons; onsug; overnightscape; overnightscape underground; frank nora; frank edward nora; nightpool; night pool; rampler; sheps; stream of consciousness; monologue; talk shows; internet radio; podcasting; bluffcosm; onsugta"	"The_Overnightscape_Underground-April_2013"
""	"Candidate only. Verify license, genre label, and audio quality before downloading outside the repo and importing as formal CC audio."	"シティ・ポップ"	"pop"	"61"	"7"	"reject-or-review-carefully"	"spoken-word"	"The Overnightscape Underground - July 2014"	"Frank Edward Nora"	"CC-BY-NC-ND"	"http://creativecommons.org/licenses/by-nc-nd/3.0/"	"https://archive.org/details/The_Overnightscape_Underground-July_2014"	"https://archive.org/download/The_Overnightscape_Underground-July_2014/onsug_Jul14_07_The_Overnightscape_1091_Middle_of_the_Road.mp3"	"ons; onsug; overnightscape; overnightscape underground; frank nora; frank edward nora; nightpool; night pool; rampler; sheps; stream of consciousness; monologue; talk shows; internet radio; podcasting; bluffcosm; onsugta"	"The_Overnightscape_Underground-July_2014"
""	"Candidate only. Verify license, genre label, and audio quality before downloading outside the repo and importing as formal CC audio."	"シティ・ポップ"	"pop"	"61"	"7"	"reject-or-review-carefully"	"spoken-word"	"The Overnightscape Underground - The Rampler 1-100"	"Frank Edward Nora"	"CC-BY-NC-ND"	"http://creativecommons.org/licenses/by-nc-nd/3.0/us/"	"https://archive.org/details/TheOvernightscapeUnderground-TheRampler1-100"	"https://archive.org/download/TheOvernightscapeUnderground-TheRampler1-100/onsug_rampler_0079_oct08.mp3"	"ons; onsug; overnightscape; overnightscape underground; frank nora; frank edward nora; nightpool; night pool; rampler; sheps; stream of consciousness; monologue; talk shows; internet radio; podcasting; bluffcosm; onsugta"	"TheOvernightscapeUnderground-TheRampler1-100"
""	"Candidate only. Verify license, genre label, and audio quality before downloading outside the repo and importing as formal CC audio."	"シティ・ポップ"	"pop"	"61"	"7"	"reject-or-review-carefully"	"spoken-word"	"The Overnightscape Underground - July 2013"	"Frank Edward Nora"	"CC-BY-NC-ND"	"http://creativecommons.org/licenses/by-nc-nd/3.0/"	"https://archive.org/details/The_Overnightscape_Underground-July_2013"	"https://archive.org/download/The_Overnightscape_Underground-July_2013/onsug_Jul13_55_Music_for_Night_Driving_in_VR.mp3"	"ons; onsug; overnightscape; overnightscape underground; frank nora; frank edward nora; nightpool; night pool; rampler; sheps; stream of consciousness; monologue; talk shows; internet radio; podcasting; bluffcosm; onsugta"	"The_Overnightscape_Underground-July_2013"
""	"Candidate only. Verify license, genre label, and audio quality before downloading outside the repo and importing as formal CC audio."	"シティ・ポップ"	"pop"	"61"	"63"	"reject-or-review-carefully"	"long-mix-or-dj-set"	"[nwscomp0005] CC Europe Mixtape side A"	"Creative Commons Europe"	"CC-BY-SA"	"http://creativecommons.org/licenses/by-sa/3.0/"	"https://archive.org/details/nwscomp005"	"https://archive.org/download/nwscomp005/03Weapons.mp3"	"#cc10; Creative Commons; Creative Commons Europe; CC Europe; birthday; pop; indietronic; downtempo; triphop; electronic; hiphop; jazz; lounge; blues; folk; reggae"	"nwscomp005"
""	"Candidate only. Verify license, genre label, and audio quality before downloading outside the repo and importing as formal CC audio."	"シティ・ポップ"	"pop"	"61"	"7"	"reject-or-review-carefully"	"spoken-word"	"The Overnightscape Underground - Day 1"	"Frank Edward Nora"	"CC-BY-NC-ND"	"http://creativecommons.org/licenses/by-nc-nd/3.0/"	"https://archive.org/details/TheOvernightscapeUnderground-Day1"	"https://archive.org/download/TheOvernightscapeUnderground-Day1/onsug_day01_15_cd_memories.mp3"	"ons; onsug; overnightscape; overnightscape underground; frank nora; frank edward nora; nightpool; night pool; rampler; sheps; stream of consciousness; monologue; talk shows; internet radio; podcasting; bluffcosm; onsugta"	"TheOvernightscapeUnderground-Day1"
""	"Candidate only. Verify license, genre label, and audio quality before downloading outside the repo and importing as formal CC audio."	"シティ・ポップ"	"pop"	"61"	"7"	"reject-or-review-carefully"	"spoken-word"	"The Overnightscape Underground - January 2014"	"Frank Edward Nora"	"CC-BY-NC-ND"	"http://creativecommons.org/licenses/by-nc-nd/4.0/"	"https://archive.org/details/The_Overnightscape_Underground-January_2014"	"https://archive.org/download/The_Overnightscape_Underground-January_2014/onsug_Jan14_17_Khaosology_QA.mp3"	"ons; onsug; overnightscape; overnightscape underground; frank nora; frank edward nora; nightpool; night pool; rampler; sheps; stream of consciousness; monologue; talk shows; internet radio; podcasting; bluffcosm; onsugta"	"The_Overnightscape_Underground-January_2014"
""	"Candidate only. Verify license, genre label, and audio quality before downloading outside the repo and importing as formal CC audio."	"シティ・ポップ"	"pop"	"61"	"81"	"review-first"	""	"[dystopiaq030] Dust Collector - Narcolepsy"	"Dust Collector"	"CC-BY-NC-ND"	"http://creativecommons.org/licenses/by-nc-nd/3.0/"	"https://archive.org/details/dystopiaq030"	"https://archive.org/download/dystopiaq030/19Wonderlost_wanderlost_wonderlustdayDreams.mp3"	"hip-hop; avant-garde; experimental; illbient; creative commons; dystopiaq"	"dystopiaq030"
""	"Candidate only. Verify license, genre label, and audio quality before downloading outside the repo and importing as formal CC audio."	"シティ・ポップ"	"pop"	"61"	"7"	"reject-or-review-carefully"	"spoken-word"	"The Overnightscape Underground - November 2008"	"Frank Edward Nora"	"CC-BY-NC-ND"	"http://creativecommons.org/licenses/by-nc-nd/3.0/us/"	"https://archive.org/details/TheOvernightscapeUnderground-November2008"	"https://archive.org/download/TheOvernightscapeUnderground-November2008/onsug_Nov08_23_Rampler_112.mp3"	"ons; onsug; overnightscape; overnightscape underground; frank nora; frank edward nora; nightpool; night pool; rampler; sheps; stream of consciousness; monologue; talk shows; internet radio; podcasting; bluffcosm; onsugta"	"TheOvernightscapeUnderground-November2008"
""	"Candidate only. Verify license, genre label, and audio quality before downloading outside the repo and importing as formal CC audio."	"シティ・ポップ"	"pop"	"61"	"7"	"reject-or-review-carefully"	"spoken-word"	"The Overnightscape Underground - June 2013"	"Frank Edward Nora"	"CC-BY-NC-ND"	"http://creativecommons.org/licenses/by-nc-nd/3.0/"	"https://archive.org/details/The_Overnightscape_Underground-June_2013"	"https://archive.org/download/The_Overnightscape_Underground-June_2013/onsug_Jun13_18_Weasels_Go_Country.mp3"	"ons; onsug; overnightscape; overnightscape underground; frank nora; frank edward nora; nightpool; night pool; rampler; sheps; stream of consciousness; monologue; talk shows; internet radio; podcasting; bluffcosm; onsugta"	"The_Overnightscape_Underground-June_2013"
""	"Candidate only. Verify license, genre label, and audio quality before downloading outside the repo and importing as formal CC audio."	"シティ・ポップ"	"pop"	"61"	"7"	"reject-or-review-carefully"	"spoken-word"	"The Overnightscape Underground - December 2013"	"Frank Edward Nora"	"CC-BY-NC-ND"	"http://creativecommons.org/licenses/by-nc-nd/4.0/"	"https://archive.org/details/The_Overnightscape_Underground-December_2013"	"https://archive.org/download/The_Overnightscape_Underground-December_2013/onsug_Dec13_15_The_Overnightscape_1031_The_Bad_Bus_Midnight.mp3"	"ons; onsug; overnightscape; overnightscape underground; frank nora; frank edward nora; nightpool; night pool; rampler; sheps; stream of consciousness; monologue; talk shows; internet radio; podcasting; bluffcosm; onsugta"	"The_Overnightscape_Underground-December_2013"
""	"Candidate only. Verify license, genre label, and audio quality before downloading outside the repo and importing as formal CC audio."	"シティ・ポップ"	"pop"	"61"	"7"	"reject-or-review-carefully"	"spoken-word"	"The Overnightscape Underground - August 2013"	"Frank Edward nora"	"CC-BY-NC-ND"	"http://creativecommons.org/licenses/by-nc-nd/3.0/"	"https://archive.org/details/The_Overnightscape_Underground-August_2013"	"https://archive.org/download/The_Overnightscape_Underground-August_2013/onsug_Aug13_27_The_Overnightscape_996_Information_Hut.mp3"	"ons; onsug; overnightscape; overnightscape underground; frank nora; frank edward nora; nightpool; night pool; rampler; sheps; stream of consciousness; monologue; talk shows; internet radio; podcasting; bluffcosm; onsugta"	"The_Overnightscape_Underground-August_2013"
""	"Candidate only. Verify license, genre label, and audio quality before downloading outside the repo and importing as formal CC audio."	"シティ・ポップ"	"pop"	"61"	"7"	"reject-or-review-carefully"	"spoken-word"	"The Overnightscape Underground - November 2013"	"Frank Edward Nora"	"CC-BY-NC-ND"	"http://creativecommons.org/licenses/by-nc-nd/3.0/"	"https://archive.org/details/The_Overnightscape_Underground-November_2013"	"https://archive.org/download/The_Overnightscape_Underground-November_2013/onsug_Nov13_15_The_Overnightscape_1021_Mahalo.mp3"	"ons; onsug; overnightscape; overnightscape underground; frank nora; frank edward nora; nightpool; night pool; rampler; sheps; stream of consciousness; monologue; talk shows; internet radio; podcasting; bluffcosm; onsugta"	"The_Overnightscape_Underground-November_2013"
""	"Candidate only. Verify license, genre label, and audio quality before downloading outside the repo and importing as formal CC audio."	"シティ・ポップ"	"pop"	"61"	"7"	"reject-or-review-carefully"	"spoken-word"	"The Overnightscape Underground - August 2010"	"Frank Edward Nora"	"CC-BY-NC-ND"	"http://creativecommons.org/licenses/by-nc-nd/3.0/"	"https://archive.org/details/The_Overnightscape_Underground-August_2010"	"https://archive.org/download/The_Overnightscape_Underground-August_2010/onsug_Aug10_20_Late_Night_Music_Show.mp3"	"ons; onsug; overnightscape; overnightscape underground; frank nora; frank edward nora; nightpool; night pool; rampler; sheps; stream of consciousness; monologue; talk shows; internet radio; podcasting; bluffcosm; onsugta"	"The_Overnightscape_Underground-August_2010"
""	"Candidate only. Verify license, genre label, and audio quality before downloading outside the repo and importing as formal CC audio."	"シティ・ポップ"	"pop"	"61"	"7"	"reject-or-review-carefully"	"spoken-word"	"Overnightscape - Vault 2 (2007-2009)"	"Frank Edward Nora"	"CC-BY-NC-ND"	"http://creativecommons.org/licenses/by-nc-nd/3.0/"	"https://archive.org/details/Overnightscape_Vault_2_2007-2009"	"https://archive.org/download/Overnightscape_Vault_2_2007-2009/onsug_vault_WFMU_L6_1_e11.mp3"	"ons; onsug; overnightscape; overnightscape underground; frank nora; frank edward nora; nightpool; night pool; rampler; sheps; stream of consciousness; monologue; talk shows; internet radio; podcasting; bluffcosm; onsugta"	"Overnightscape_Vault_2_2007-2009"
""	"Candidate only. Verify license, genre label, and audio quality before downloading outside the repo and importing as formal CC audio."	"シティ・ポップ"	"pop"	"61"	"7"	"reject-or-review-carefully"	"spoken-word"	"The Overnightscape Underground - March 2014"	"Frank Edward Nora"	"CC-BY-NC-ND"	"http://creativecommons.org/licenses/by-nc-nd/4.0/"	"https://archive.org/details/The_Overnightscape_Underground-March_2014"	"https://archive.org/download/The_Overnightscape_Underground-March_2014/onsug_Mar14_05_Mr_Headvisits_Pinball_Infinitude.mp3"	"ons; onsug; overnightscape; overnightscape underground; frank nora; frank edward nora; nightpool; night pool; rampler; sheps; stream of consciousness; monologue; talk shows; internet radio; podcasting; bluffcosm; onsugta"	"The_Overnightscape_Underground-March_2014"
""	"Candidate only. Verify license, genre label, and audio quality before downloading outside the repo and importing as formal CC audio."	"シティ・ポップ"	"pop"	"61"	"7"	"reject-or-review-carefully"	"spoken-word"	"The Overnightscape Underground - March 2009"	"Frank Edward Nora"	"CC-BY-NC-ND"	"http://creativecommons.org/licenses/by-nc-nd/3.0/us/"	"https://archive.org/details/TheOvernightscapeUnderground-March2009"	"https://archive.org/download/TheOvernightscapeUnderground-March2009/onsug_Mar09_36_Rampler_252.mp3"	"ons; onsug; overnightscape; overnightscape underground; frank nora; frank edward nora; nightpool; night pool; rampler; sheps; stream of consciousness; monologue; talk shows; internet radio; podcasting; bluffcosm; onsugta"	"TheOvernightscapeUnderground-March2009"
""	"Candidate only. Verify license, genre label, and audio quality before downloading outside the repo and importing as formal CC audio."	"シティ・ポップ"	"pop"	"61"	"7"	"reject-or-review-carefully"	"spoken-word"	"The Overnightscape Underground - May 2010"	"Frank Edward Nora"	"CC-BY-NC-ND"	"http://creativecommons.org/licenses/by-nc-nd/3.0/"	"https://archive.org/details/The_Overnightscape_Underground-May_2010"	"https://archive.org/download/The_Overnightscape_Underground-May_2010/onsug_May10_62_FN_Show_1500.mp3"	"ons; onsug; overnightscape; overnightscape underground; frank nora; frank edward nora; nightpool; night pool; rampler; sheps; stream of consciousness; monologue; talk shows; internet radio; podcasting; bluffcosm; onsugta"	"The_Overnightscape_Underground-May_2010"
""	"Candidate only. Verify license, genre label, and audio quality before downloading outside the repo and importing as formal CC audio."	"シティ・ポップ"	"pop"	"61"	"7"	"reject-or-review-carefully"	"spoken-word"	"The Overnightscape Underground - December 2008"	"Frank Edward Nora"	"CC-BY-NC-ND"	"http://creativecommons.org/licenses/by-nc-nd/3.0/us/"	"https://archive.org/details/TheOvernightscapeUnderground-December2008"	"https://archive.org/download/TheOvernightscapeUnderground-December2008/onsug_Dec08_32_vidkids85_2.mp3"	"ons; onsug; overnightscape; overnightscape underground; frank nora; frank edward nora; nightpool; night pool; rampler; sheps; stream of consciousness; monologue; talk shows; internet radio; podcasting; bluffcosm; onsugta"	"TheOvernightscapeUnderground-December2008"
""	"Candidate only. Verify license, genre label, and audio quality before downloading outside the repo and importing as formal CC audio."	"シティ・ポップ"	"pop"	"61"	"7"	"reject-or-review-carefully"	"spoken-word"	"The Overnightscape Underground - March 2016"	"Frank Edward Nora"	"CC-BY-NC-ND"	"http://creativecommons.org/licenses/by-nc-nd/3.0/"	"https://archive.org/details/The_Overnightscape_Underground-March_2016"	"https://archive.org/download/The_Overnightscape_Underground-March_2016/onsug_Mar16_12_The_Overnightscape_1266_Cruising.mp3"	"ons; onsug; overnightscape; overnightscape underground; frank nora; frank edward nora; nightpool; night pool; rampler; sheps; stream of consciousness; monologue; talk shows; internet radio; podcasting; bluffcosm; onsugta"	"The_Overnightscape_Underground-March_2016"
""	"Candidate only. Verify license, genre label, and audio quality before downloading outside the repo and importing as formal CC audio."	"シティ・ポップ"	"pop"	"61"	"7"	"reject-or-review-carefully"	"spoken-word"	"The Overnightscape Underground - November 2015"	"Frank Edward Nora"	"CC-BY-NC-ND"	"http://creativecommons.org/licenses/by-nc-nd/3.0/"	"https://archive.org/details/The_Overnightscape_Underground-November_2015"	"https://archive.org/download/The_Overnightscape_Underground-November_2015/onsug_Nov15_57_midnightcitizen144_lofi.mp3"	"ons; onsug; overnightscape; overnightscape underground; frank nora; frank edward nora; nightpool; night pool; rampler; sheps; stream of consciousness; monologue; talk shows; internet radio; podcasting; bluffcosm; onsugta"	"The_Overnightscape_Underground-November_2015"
""	"Candidate only. Verify license, genre label, and audio quality before downloading outside the repo and importing as formal CC audio."	"シティ・ポップ"	"pop"	"61"	"7"	"reject-or-review-carefully"	"spoken-word"	"The Overnightscape Underground - July 2010"	"Frank Edward Nora"	"CC-BY-NC-ND"	"http://creativecommons.org/licenses/by-nc-nd/3.0/"	"https://archive.org/details/The_Overnightscape_Underground-July_2010"	"https://archive.org/download/The_Overnightscape_Underground-July_2010/onsug_Jul10_04_FN_Realm_of.mp3"	"ons; onsug; overnightscape; overnightscape underground; frank nora; frank edward nora; nightpool; night pool; rampler; sheps; stream of consciousness; monologue; talk shows; internet radio; podcasting; bluffcosm; onsugta"	"The_Overnightscape_Underground-July_2010"
""	"Candidate only. Verify license, genre label, and audio quality before downloading outside the repo and importing as formal CC audio."	"シティ・ポップ"	"pop"	"61"	"7"	"reject-or-review-carefully"	"spoken-word"	"The Overnightscape - Summer 2006"	"Frank Edward Nora"	"CC-BY-NC-ND"	"http://creativecommons.org/licenses/by-nc-nd/3.0/"	"https://archive.org/details/The_Overnightscape-Summer_2006"	"https://archive.org/download/The_Overnightscape-Summer_2006/onsug_overnightscape_545_14.mp3"	"ons; onsug; overnightscape; overnightscape underground; frank nora; frank edward nora; nightpool; night pool; rampler; sheps; stream of consciousness; monologue; talk shows; internet radio; podcasting; bluffcosm; onsugta"	"The_Overnightscape-Summer_2006"
""	"Candidate only. Verify license, genre label, and audio quality before downloading outside the repo and importing as formal CC audio."	"シティ・ポップ"	"pop"	"61"	"7"	"reject-or-review-carefully"	"spoken-word"	"The Overnightscape - Summer 2005"	"Frank Edward Nora"	"CC-BY-NC-ND"	"http://creativecommons.org/licenses/by-nc-nd/3.0/"	"https://archive.org/details/The_Overnightscape-Summer_2005"	"https://archive.org/download/The_Overnightscape-Summer_2005/onsug_overnightscape_250_10.mp3"	"ons; onsug; overnightscape; overnightscape underground; frank nora; frank edward nora; nightpool; night pool; rampler; sheps; stream of consciousness; monologue; talk shows; internet radio; podcasting; bluffcosm; onsugta"	"The_Overnightscape-Summer_2005"
""	"Candidate only. Verify license, genre label, and audio quality before downloading outside the repo and importing as formal CC audio."	"シティ・ポップ"	"pop"	"61"	"7"	"reject-or-review-carefully"	"spoken-word"	"The Overnightscape Underground - Day 2"	"Frank Edward Nora"	"CC-BY-NC-ND"	"http://creativecommons.org/licenses/by-nc-nd/3.0/us/"	"https://archive.org/details/TheOvernightscapeUnderground-Day2"	"https://archive.org/download/TheOvernightscapeUnderground-Day2/onsug_day02_01_ug_oldskool.mp3"	"ons; onsug; overnightscape; overnightscape underground; frank nora; frank edward nora; nightpool; night pool; rampler; sheps; stream of consciousness; monologue; talk shows; internet radio; podcasting; bluffcosm; onsugta"	"TheOvernightscapeUnderground-Day2"
""	"Candidate only. Verify license, genre label, and audio quality before downloading outside the repo and importing as formal CC audio."	"シティ・ポップ"	"pop"	"61"	"17"	"reject-or-review-carefully"	"spoken-word"	"Overnightscape - Midnight Cassette System"	"Frank Edward Nora"	"CC0"	"http://creativecommons.org/publicdomain/zero/1.0/"	"https://archive.org/details/Overnightscape-Midnight_Cassette_System"	"https://archive.org/download/Overnightscape-Midnight_Cassette_System/Midnight_Cassette_011_Ambient_I.mp3"	"ons; onsug; overnightscape; overnightscape underground; frank nora; frank edward nora; nightpool; night pool; rampler; sheps; stream of consciousness; monologue; talk shows; internet radio; podcasting; bluffcosm; onsugta"	"Overnightscape-Midnight_Cassette_System"
""	"Candidate only. Verify license, genre label, and audio quality before downloading outside the repo and importing as formal CC audio."	"シティ・ポップ"	"pop"	"61"	"7"	"reject-or-review-carefully"	"spoken-word"	"The Overnightscape Underground - June 2010"	"Frank Edward Nora"	"CC-BY-NC-ND"	"http://creativecommons.org/licenses/by-nc-nd/3.0/"	"https://archive.org/details/The_Overnightscape_Underground-June_2010"	"https://archive.org/download/The_Overnightscape_Underground-June_2010/onsug_Jun10_56_FN_Imaginary.mp3"	"ons; onsug; overnightscape; overnightscape underground; frank nora; frank edward nora; nightpool; night pool; rampler; sheps; stream of consciousness; monologue; talk shows; internet radio; podcasting; bluffcosm; onsugta"	"The_Overnightscape_Underground-June_2010"
""	"Candidate only. Verify license, genre label, and audio quality before downloading outside the repo and importing as formal CC audio."	"シティ・ポップ"	"pop"	"61"	"7"	"reject-or-review-carefully"	"spoken-word"	"The Overnightscape Underground - April 2010"	"Frank Edward Nora"	"CC-BY-NC-ND"	"http://creativecommons.org/licenses/by-nc-nd/3.0/"	"https://archive.org/details/The_Overnightscape_Underground-April_2010"	"https://archive.org/download/The_Overnightscape_Underground-April_2010/onsug_Apr10_68_Tune_In_Drop.mp3"	"ons; onsug; overnightscape; overnightscape underground; frank nora; frank edward nora; nightpool; night pool; rampler; sheps; stream of consciousness; monologue; talk shows; internet radio; podcasting; bluffcosm; onsugta"	"The_Overnightscape_Underground-April_2010"
""	"Candidate only. Verify license, genre label, and audio quality before downloading outside the repo and importing as formal CC audio."	"シティ・ポップ"	"pop"	"61"	"7"	"reject-or-review-carefully"	"spoken-word"	"The Overnightscape Underground - December 2010"	"Frank Edward Nora"	"CC-BY-NC-ND"	"http://creativecommons.org/licenses/by-nc-nd/3.0/"	"https://archive.org/details/The_Overnightscape_Underground-December_2010"	"https://archive.org/download/The_Overnightscape_Underground-December_2010/onsug_Dec10_08_FN_1613_Cup_O_Batteries.mp3"	"ons; onsug; overnightscape; overnightscape underground; frank nora; frank edward nora; nightpool; night pool; rampler; sheps; stream of consciousness; monologue; talk shows; internet radio; podcasting; bluffcosm; onsugta"	"The_Overnightscape_Underground-December_2010"
""	"Candidate only. Verify license, genre label, and audio quality before downloading outside the repo and importing as formal CC audio."	"シティ・ポップ"	"pop"	"61"	"7"	"reject-or-review-carefully"	"spoken-word"	"The Overnightscape Underground - March 2010"	"Frank Edward Nora"	"CC-BY-NC-ND"	"http://creativecommons.org/licenses/by-nc-nd/3.0/"	"https://archive.org/details/The_Overnightscape_Underground-March_2010"	"https://archive.org/download/The_Overnightscape_Underground-March_2010/onsug_Mar10_37_Shields.mp3"	"ons; onsug; overnightscape; overnightscape underground; frank nora; frank edward nora; nightpool; night pool; rampler; sheps; stream of consciousness; monologue; talk shows; internet radio; podcasting; bluffcosm; onsugta"	"The_Overnightscape_Underground-March_2010"
""	"Candidate only. Verify license, genre label, and audio quality before downloading outside the repo and importing as formal CC audio."	"シティ・ポップ"	"pop"	"61"	"7"	"reject-or-review-carefully"	"spoken-word"	"The Overnightscape Underground - May 2015"	"Frank Edward Nora"	"CC-BY-NC-ND"	"http://creativecommons.org/licenses/by-nc-nd/3.0/"	"https://archive.org/details/The_Overnightscape_Underground-May_2015"	"https://archive.org/download/The_Overnightscape_Underground-May_2015/onsug_May15_09_The_Night_Pool_16.mp3"	"ons; onsug; overnightscape; overnightscape underground; frank nora; frank edward nora; nightpool; night pool; rampler; sheps; stream of consciousness; monologue; talk shows; internet radio; podcasting; bluffcosm; onsugta"	"The_Overnightscape_Underground-May_2015"
""	"Candidate only. Verify license, genre label, and audio quality before downloading outside the repo and importing as formal CC audio."	"シティ・ポップ"	"pop"	"61"	"7"	"reject-or-review-carefully"	"spoken-word"	"The Overnightscape Underground - April 2009"	"Frank Edward Nora"	"CC-BY-NC-ND"	"http://creativecommons.org/licenses/by-nc-nd/3.0/us/"	"https://archive.org/details/TheOvernightscapeUnderground-April2009"	"https://archive.org/download/TheOvernightscapeUnderground-April2009/onsug_Apr09_30_RamplerWFMU3.mp3"	"ons; onsug; overnightscape; overnightscape underground; frank nora; frank edward nora; nightpool; night pool; rampler; sheps; stream of consciousness; monologue; talk shows; internet radio; podcasting; bluffcosm; onsugta"	"TheOvernightscapeUnderground-April2009"
""	"Candidate only. Verify license, genre label, and audio quality before downloading outside the repo and importing as formal CC audio."	"シティ・ポップ"	"pop"	"61"	"7"	"reject-or-review-carefully"	"spoken-word"	"The Overnightscape Underground - April 2015"	"Frank Edward Nora"	"CC-BY-NC-ND"	"http://creativecommons.org/licenses/by-nc-nd/3.0/"	"https://archive.org/details/The_Overnightscape_Underground-April_2015"	"https://archive.org/download/The_Overnightscape_Underground-April_2015/onsug_Apr15_24_Central_Sho.mp3"	"ons; onsug; overnightscape; overnightscape underground; frank nora; frank edward nora; nightpool; night pool; rampler; sheps; stream of consciousness; monologue; talk shows; internet radio; podcasting; bluffcosm; onsugta"	"The_Overnightscape_Underground-April_2015"
""	"Candidate only. Verify license, genre label, and audio quality before downloading outside the repo and importing as formal CC audio."	"シティ・ポップ"	"pop"	"61"	"7"	"reject-or-review-carefully"	"spoken-word"	"The Overnightscape Underground - March 2013"	"Frank Edward Nora"	"CC-BY-NC-ND"	"http://creativecommons.org/licenses/by-nc-nd/3.0/"	"https://archive.org/details/The_Overnightscape_Underground-March_2013"	"https://archive.org/download/The_Overnightscape_Underground-March_2013/onsug_Mar13_39_The_Overnightscape_960_The_Animaniac_Pope.mp3"	"ons; onsug; overnightscape; overnightscape underground; frank nora; frank edward nora; nightpool; night pool; rampler; sheps; stream of consciousness; monologue; talk shows; internet radio; podcasting; bluffcosm; onsugta"	"The_Overnightscape_Underground-March_2013"
""	"Candidate only. Verify license, genre label, and audio quality before downloading outside the repo and importing as formal CC audio."	"シティ・ポップ"	"pop"	"61"	"7"	"reject-or-review-carefully"	"spoken-word"	"The Overnightscape Underground - October 2015"	"Frank Edward Nora"	"CC-BY-NC-ND"	"http://creativecommons.org/licenses/by-nc-nd/3.0/"	"https://archive.org/details/The_Overnightscape_Underground-October_2015"	"https://archive.org/download/The_Overnightscape_Underground-October_2015/onsug_Oct15_07_The_Overnightscape_1221_Help_Mr_Ragtime.mp3"	"ons; onsug; overnightscape; overnightscape underground; frank nora; frank edward nora; nightpool; night pool; rampler; sheps; stream of consciousness; monologue; talk shows; internet radio; podcasting; bluffcosm; onsugta"	"The_Overnightscape_Underground-October_2015"
""	"Candidate only. Verify license, genre label, and audio quality before downloading outside the repo and importing as formal CC audio."	"シティ・ポップ"	"pop"	"61"	"73"	"maybe-review"	""	"Various Artists - The Definitive Daft Club Volume One (TDCD001)"	"Various Artists"	"CC-BY-SA"	"http://creativecommons.org/licenses/by-sa/3.0/"	"https://archive.org/details/The_Definitive_Daft_Club-Volume_One"	"https://archive.org/download/The_Definitive_Daft_Club-Volume_One/15.Electromatic-TheVoyageToSpace.mp3"	"The Definitive Daft Club"	"The_Definitive_Daft_Club-Volume_One"
""	"Candidate only. Verify license, genre label, and audio quality before downloading outside the repo and importing as formal CC audio."	"シティ・ポップ"	"pop"	"61"	"71"	"maybe-review"	""	" MIDI Dreams"	"Dial-up for Murder"	"CC-BY-NC-SA"	"http://creativecommons.org/licenses/by-nc-sa/4.0/"	"https://archive.org/details/DialUpForMurderMIDIDreams"	"https://archive.org/download/DialUpForMurderMIDIDreams/Dial-up%20for%20Murder%20-%20MIDI%20Dreams%20-%2004%20Dave.flac"	"8-bit; electronic; midicore; bobby prince; chiptune; doom; doomcore; midi; post-midicore; soundtrack; synthwave; vaporwave; video game; witch; house; Auckland"	"DialUpForMurderMIDIDreams"
""	"Candidate only. Verify license, genre label, and audio quality before downloading outside the repo and importing as formal CC audio."	"シティ・ポップ"	"pop"	"61"	"77"	"maybe-review"	""	"glaciære - water slide"	"glaciære"	"CC-BY"	"https://creativecommons.org/licenses/by/4.0/"	"https://archive.org/details/glaciaerewaterslide"	"https://archive.org/download/glaciaerewaterslide/glaci%C3%A6re%20-%20water%20slide/glaci%C3%A6re%20-%20water%20slide%20-%2002%20Waveform.flac"	"vaporwave; vapor; wave; electronic music; music; creative commons; stevia sphere; glaciaere; Glaciære; hypangogic drift; 2017"	"glaciaerewaterslide"
""	"Candidate only. Verify license, genre label, and audio quality before downloading outside the repo and importing as formal CC audio."	"シティ・ポップ"	"pop"	"61"	"59"	"low-confidence-review"	""	"glaciære - pool water blue"	"glaciære"	"CC-BY"	"https://creativecommons.org/licenses/by/4.0/"	"https://archive.org/details/glaciaerepoolwaterblue"	"https://archive.org/download/glaciaerepoolwaterblue/glaci%C3%A6re%20-%20pool%20water%20blue/glaci%C3%A6re%20-%20pool%20water%20blue%20-%2002%20Take%20some%20time%20(to%20show%20some%20love).flac"	"vaporwave; vapor; wave; electronic music; music; creative commons; stevia sphere; glaciaere; Glaciære; hypangogic drift; 2016"	"glaciaerepoolwaterblue"
""	"Candidate only. Verify license, genre label, and audio quality before downloading outside the repo and importing as formal CC audio."	"シティ・ポップ"	"pop"	"61"	"77"	"maybe-review"	""	"glaciære - bath"	"glaciære"	"CC-BY"	"https://creativecommons.org/licenses/by/4.0/"	"https://archive.org/details/glaciaerebath"	"https://archive.org/download/glaciaerebath/glaci%C3%A6re%20-%20bath/glaci%C3%A6re%20-%20bath%20-%2001%20Showering%20for%20hours%20(feat.%20zkribblez).flac"	"vaporwave; vapor; wave; electronic music; music; creative commons; stevia sphere; glaciaere; hypangogic drift; 2019"	"glaciaerebath"
""	"Candidate only. Verify license, genre label, and audio quality before downloading outside the repo and importing as formal CC audio."	"シティ・ポップ"	"pop"	"61"	"77"	"maybe-review"	""	"glaciære - hammock"	"glaciære"	"CC-BY"	"https://creativecommons.org/licenses/by/4.0/"	"https://archive.org/details/glaciaerehammock"	"https://archive.org/download/glaciaerehammock/glaci%C3%A6re%20-%20hammock/glaci%C3%A6re%20-%20hammock%20-%2009%20Watching%20the%20snow%20through%20the%20window.flac"	"vaporwave; vapor; wave; electronic music; music; creative commons; stevia sphere; glaciaere; Glaciære; hypangogic drift; 2017"	"glaciaerehammock"
""	"Candidate only. Verify license, genre label, and audio quality before downloading outside the repo and importing as formal CC audio."	"シティ・ポップ"	"pop"	"61"	"77"	"maybe-review"	""	"glaciære - light ripples"	"glaciære"	"CC-BY"	"https://creativecommons.org/licenses/by/4.0/"	"https://archive.org/details/glaciaerelightripples"	"https://archive.org/download/glaciaerelightripples/glaci%C3%A6re%20-%20light%20ripples/glaci%C3%A6re%20-%20light%20ripples%20-%2007%20Light%20Dancing%20on%20the%20Pool%20Surface.flac"	"vaporwave; vapor; wave; electronic music; music; creative commons; stevia sphere; glaciaere; glaciære; hypangogic drift; 2019"	"glaciaerelightripples"
""	"Candidate only. Verify license, genre label, and audio quality before downloading outside the repo and importing as formal CC audio."	"シティ・ポップ"	"pop"	"61"	"67"	"maybe-review"	""	"ＳＴＡＲＴＵＰ ＫＩＤ Z"	"Anonymous420"	"CC0"	"http://creativecommons.org/publicdomain/zero/1.0/"	"https://archive.org/details/anonymous-420-startup-kidz"	"https://archive.org/download/anonymous-420-startup-kidz/Anonymous420%20-%20%EF%BC%B3%EF%BC%B4%EF%BC%A1%EF%BC%B2%EF%BC%B4%EF%BC%B5%EF%BC%B0%20%EF%BC%AB%EF%BC%A9%EF%BC%A4%EF%BC%BA%20-%2002%20%EF%BC%A1%20%EF%BC%A2%20%EF%BC%A3%20%EF%BC%A4%20%EF%BC%A5%20%EF%BC%B6%20%EF%BC%A9%20%EF%BC%A3%20%EF%BC%A5.flac"	"vaporwave"	"anonymous-420-startup-kidz"
""	"Candidate only. Verify license, genre label, and audio quality before downloading outside the repo and importing as formal CC audio."	"シティ・ポップ"	"pop"	"60"	"80"	"review-first"	""	"Barzin - It's Come to This [BadPanda005]"	"Barzin"	"CC-BY-NC-ND"	"http://creativecommons.org/licenses/by-nc-nd/3.0/"	"https://archive.org/details/badpanda005"	"https://archive.org/download/badpanda005/Barzin-ItsComeToThis.mp3"	"barzin; it's come to this; bad panda records; creative commons music; netlabel"	"badpanda005"
""	"Candidate only. Verify license, genre label, and audio quality before downloading outside the repo and importing as formal CC audio."	"シティ・ポップ"	"pop"	"60"	"62"	"maybe-review"	""	"[LBN042] Macchiato Funky - ""Bugella 20-50"""	"Macchiato Funky"	"CC-BY-NC-ND"	"http://creativecommons.org/licenses/by-nc-nd/4.0/"	"https://archive.org/details/LBN042MacchiatoFunky-Bugella20-50"	"https://archive.org/download/LBN042MacchiatoFunky-Bugella20-50/04.Sospeso.flac"	"electronica; funky; instrumental; soundtrack; La bèl; netlabel; creative commons; free; ambient; Soft electro rock; Psycho electric ambient; road music; travel; Funk; Funkytronica; electrofunk; instrumental funk; funkadelic; Trip Funkytronica; Slow Dance; Psychotronica; Hop; Psychotronica; Cinema; Dream; hypnotic; R&B; Soul; Fusion; electro-blues; instrumental soul; Reggae; Electro-Psycho-Reggae; videogame; summer; hot; Western; Asia; Documentary; artrock; dream pop; post-rock; electro-post-rock; spot; spring; breakfast"	"LBN042MacchiatoFunky-Bugella20-50"
""	"Candidate only. Verify license, genre label, and audio quality before downloading outside the repo and importing as formal CC audio."	"シティ・ポップ"	"pop"	"60"	"66"	"maybe-review"	""	"Iacon - 現象 Phenomenon"	"Iacon"	"CC-BY-ND"	"http://creativecommons.org/licenses/by-nd/4.0/"	"https://archive.org/details/KD001"	"https://archive.org/download/KD001/KD001%20Iacon%20-%20%E7%8F%BE%E8%B1%A1%20Phenomenon/Iacon%20-%20%E7%8F%BE%E8%B1%A1%20Phenomenon%20-%2005%20%E8%B7%AF%E5%BE%84%20upon%20which%20pathways%20I%20traverse.mp3"	"electronic; ambient; electronica; kaiseki; lo-fi; storytelling; vaporscape"	"KD001"
""	"Candidate only. Verify license, genre label, and audio quality before downloading outside the repo and importing as formal CC audio."	"シティ・ポップ"	"pop"	"57"	"77"	"maybe-review"	""	"Laszlo Hollyfield - Exodo [rith008]"	"Laszlo Hollyfield"	"CC-BY-NC-ND"	"http://creativecommons.org/licenses/by-nc-nd/3.0/"	"https://archive.org/details/rith008"	"https://archive.org/download/rith008/08_Laszlo_Hollyfield_-_E-Motion.mp3"	"rithmus; netlabel; Laszlo Hollyfield"	"rith008"
""	"Candidate only. Verify license, genre label, and audio quality before downloading outside the repo and importing as formal CC audio."	"シティ・ポップ"	"pop"	"57"	"3"	"reject-or-review-carefully"	"spoken-word"	"The Overnightscape Underground - February 2011"	"Frank Edward Nora"	"CC-BY-NC-ND"	"http://creativecommons.org/licenses/by-nc-nd/3.0/"	"https://archive.org/details/The_Overnightscape_Underground-February_2011"	"https://archive.org/download/The_Overnightscape_Underground-February_2011/onsug_Feb11_26_midnight_citizen18.mp3"	"ons; onsug; overnightscape; overnightscape underground; frank nora; frank edward nora; nightpool; night pool; rampler; sheps; stream of consciousness; monologue; talk shows; internet radio; podcasting; bluffcosm; onsugta"	"The_Overnightscape_Underground-February_2011"
""	"Candidate only. Verify license, genre label, and audio quality before downloading outside the repo and importing as formal CC audio."	"シティ・ポップ"	"pop"	"57"	"81"	"review-first"	""	"Transfer Protocol"	"Choenyi"	"CC-BY-NC-SA"	"http://creativecommons.org/licenses/by-nc-sa/3.0/"	"https://archive.org/details/RAR011_Choenyi_Transfer_Protocol_EP"	"https://archive.org/download/RAR011_Choenyi_Transfer_Protocol_EP/01_Transfer_Protocol.mp3"	"Minimal; Techno; Minimal Techno; Tech House; Experimental Techno"	"RAR011_Choenyi_Transfer_Protocol_EP"
""	"Candidate only. Verify license, genre label, and audio quality before downloading outside the repo and importing as formal CC audio."	"シティ・ポップ"	"pop"	"57"	"81"	"review-first"	""	"Digital Nature"	"Jak"	"CC-BY-NC-SA"	"http://creativecommons.org/licenses/by-nc-sa/3.0/"	"https://archive.org/details/RAR012_Jak_Digital_Nature_EP"	"https://archive.org/download/RAR012_Jak_Digital_Nature_EP/03_Somonat.mp3"	"minimal; dub; techno; tech-house; dub-tech; tech-dub; deep"	"RAR012_Jak_Digital_Nature_EP"
""	"Candidate only. Verify license, genre label, and audio quality before downloading outside the repo and importing as formal CC audio."	"シティ・ポップ"	"pop"	"55"	"79"	"review-first"	""	"TT 00040 BOTTLESMOKER HYPNAGOGIC REMIX"	"papaontacult"	"CC-BY-NC-SA"	"http://creativecommons.org/licenses/by-nc-sa/3.0/"	"https://archive.org/details/TT00040BOTTLESMOKERHYPNAGOGICREMIX"	"https://archive.org/download/TT00040BOTTLESMOKERHYPNAGOGICREMIX/BoredomAndFreedomcerumentric.mp3"	"hypnagogic; remix; hypnagogic remix; bottlesmoker; tsefula"	"TT00040BOTTLESMOKERHYPNAGOGICREMIX"
""	"Candidate only. Verify license, genre label, and audio quality before downloading outside the repo and importing as formal CC audio."	"ソウルミュージック"	"black_music"	"61"	"81"	"review-first"	""	"[S27-058] Altered:Carbon & Kendall WA - Hilander"	"Altered:Carbon & Kendall WA"	"CC-BY-NC-ND"	"http://creativecommons.org/licenses/by-nc-nd/3.0/"	"https://archive.org/details/s27-058AlteredcarbonKendallWa-Hilander"	"https://archive.org/download/s27-058AlteredcarbonKendallWa-Hilander/1-05HearMeNow.mp3"	"Altered; Carbon; Kendall; Washington; Hilander; Instrumentals; Section; 27; [S27-058]; Electronic; Abstract; Hip-Hop; Glitch; Hop; Experimental; Creative Commons; BY-NC-ND; Netlabels; Netaudio; MP3; Spokane; Scotland; [S27-035]; [S27-043]; Shodan; Nonima; Mitoma"	"s27-058AlteredcarbonKendallWa-Hilander"
""	"Candidate only. Verify license, genre label, and audio quality before downloading outside the repo and importing as formal CC audio."	"ソウルミュージック"	"black_music"	"61"	"81"	"review-first"	""	"[45rpm053-2012] Jared C. Balogh  - Drifting Soul"	"Jared C. Balogh"	"CC-BY-NC-ND"	"http://creativecommons.org/licenses/by-nc-nd/3.0/"	"https://archive.org/details/45rpm053-2012JaredC.Balogh-DriftingSoul"	"https://archive.org/download/45rpm053-2012JaredC.Balogh-DriftingSoul/01Jared_C_Balog_-_Emotions_leading_To_Howhere.mp3"	"45RPM-REC; 45RPM-Records label; Jared C. Balogh; jazz"	"45rpm053-2012JaredC.Balogh-DriftingSoul"
""	"Candidate only. Verify license, genre label, and audio quality before downloading outside the repo and importing as formal CC audio."	"ソウルミュージック"	"black_music"	"61"	"67"	"maybe-review"	""	"Free Music Charts Juli/August 2009 vom 21.07.2009"	""	"CC-BY-NC-SA"	"http://creativecommons.org/licenses/by-nc-sa/3.0/de/"	"https://archive.org/details/freemusiccharts2009.07"	"https://archive.org/download/freemusiccharts2009.07/freemusiccharts2009-07-21.mp3"	"Free Music; darkerradio; Creative Commons; Charts; Alternative; Rock; Electro; Gothic; Indie; Wave"	"freemusiccharts2009.07"
""	"Candidate only. Verify license, genre label, and audio quality before downloading outside the repo and importing as formal CC audio."	"ソウルミュージック"	"black_music"	"61"	"67"	"maybe-review"	""	"Free Music Charts November/Dezember 2009 vom 23.11.2009"	""	"CC-BY-NC-SA"	"http://creativecommons.org/licenses/by-nc-sa/3.0/de/"	"https://archive.org/details/freemusiccharts2009.11"	"https://archive.org/download/freemusiccharts2009.11/freemusiccharts2009-11-23.mp3"	"Free Music; darkerradio; Creative Commons; Charts; Alternative; Rock; Electro; Gothic; Indie; Wave"	"freemusiccharts2009.11"
""	"Candidate only. Verify license, genre label, and audio quality before downloading outside the repo and importing as formal CC audio."	"ソウルミュージック"	"black_music"	"61"	"67"	"maybe-review"	""	"Free Music Charts Juni/Juli 2009 vom 30.06.2009"	""	"CC-BY-NC-SA"	"http://creativecommons.org/licenses/by-nc-sa/3.0/de/"	"https://archive.org/details/freemusiccharts2009.06"	"https://archive.org/download/freemusiccharts2009.06/freemusiccharts2009-06-30.mp3"	"Free Music; darkerradio; Creative Commons; Charts; Alternative; Rock; Electro; Gothic; Indie; Wave"	"freemusiccharts2009.06"
""	"Candidate only. Verify license, genre label, and audio quality before downloading outside the repo and importing as formal CC audio."	"ソウルミュージック"	"black_music"	"61"	"81"	"review-first"	""	"[45E002-2011] Ollie Cram - Jazzstow"	"Ollie Cram"	"CC-BY-NC-ND"	"http://creativecommons.org/licenses/by-nc-nd/3.0/"	"https://archive.org/details/45rpm049-e2011OllieCram-Jazzstow"	"https://archive.org/download/45rpm049-e2011OllieCram-Jazzstow/05spiritual_homeland.mp3"	"45 Echoes Sounds; 45RPM-Records Label; Ollie Cram; Jazz; Guitar Jazz; Free Improvisation; Ireland"	"45rpm049-e2011OllieCram-Jazzstow"
""	"Candidate only. Verify license, genre label, and audio quality before downloading outside the repo and importing as formal CC audio."	"ソウルミュージック"	"black_music"	"61"	"85"	"review-first"	""	"[RAR026] Pedro Duarte - Pacific Blue EP"	"Pedro Duarte"	"CC-BY-NC-SA"	"http://creativecommons.org/licenses/by-nc-sa/3.0/us/"	"https://archive.org/details/RAR026_Pedro_Duarte_Pacific_Blue_EP"	"https://archive.org/download/RAR026_Pedro_Duarte_Pacific_Blue_EP/01_Pacific_Blue.mp3"	"Acid; Tech House; Techno; Chicago Acid House"	"RAR026_Pedro_Duarte_Pacific_Blue_EP"
""	"Candidate only. Verify license, genre label, and audio quality before downloading outside the repo and importing as formal CC audio."	"ソウルミュージック"	"black_music"	"61"	"85"	"review-first"	""	"The Clones of Dr. Funkenstein (2016)"	"chēēZ π"	"CC-BY-NC-SA"	"http://creativecommons.org/licenses/by-nc-sa/4.0/"	"https://archive.org/details/theclonesofdrfunkenstein_2016"	"https://archive.org/download/theclonesofdrfunkenstein_2016/05%20-%20Funky%20Drummer%20(Part%201).flac"	"chiptune; edm; electronic; funk; netlabel"	"theclonesofdrfunkenstein_2016"
""	"Candidate only. Verify license, genre label, and audio quality before downloading outside the repo and importing as formal CC audio."	"ソウルミュージック"	"black_music"	"61"	"81"	"review-first"	""	"[45E-015-2013] Trans Atlantic Rage/Balogh - I::::SOUL::::ATE VOLUME 4   "	"Trans Atlantic Rage/Balogh "	"CC-BY-NC-ND"	"http://creativecommons.org/licenses/by-nc-nd/3.0/"	"https://archive.org/details/45e-015-2013TransAtlanticRagebalogh-IsoulateVolume4"	"https://archive.org/download/45e-015-2013TransAtlanticRagebalogh-IsoulateVolume4/02-Soul_Increments.mp3"	"45 Echoes Sounds; Trans Atlantic Rage/Balogh; Jared C. Balogh; Dark Ambient; Classical; Avant-garde ambient; USA"	"45e-015-2013TransAtlanticRagebalogh-IsoulateVolume4"
""	"Candidate only. Verify license, genre label, and audio quality before downloading outside the repo and importing as formal CC audio."	"ソウルミュージック"	"black_music"	"61"	"73"	"maybe-review"	""	"Noisesurfer - A New World Sampled - Promo 2012 Alternate Version"	"Joachim Rontxelius"	"CC-BY"	"http://creativecommons.org/licenses/by/3.0/"	"https://archive.org/details/Noisesurfer-ANewWorldSampled-Promo2012AlternateVersion"	"https://archive.org/download/Noisesurfer-ANewWorldSampled-Promo2012AlternateVersion/World10.mp3"	"Noisesurfer; Electronica; Idm; Ambient; DrumnBass; Dinosaur Youth; Progresive; Techno"	"Noisesurfer-ANewWorldSampled-Promo2012AlternateVersion"
""	"Candidate only. Verify license, genre label, and audio quality before downloading outside the repo and importing as formal CC audio."	"ソウルミュージック"	"black_music"	"61"	"63"	"maybe-review"	""	"BS052 Mother Superior and Her Fields of Migraine"	"Radio For The Daydreamers"	"CC-BY-NC-ND"	"http://creativecommons.org/licenses/by-nc-nd/3.0/"	"https://archive.org/details/BS052"	"https://archive.org/download/BS052/10-No_One_Ever_Comes_Here_But_Me-Dod_Av_En_Spokelse_Versjon.mp3"	"Post-Rock; Other: Creative Commons; Black Square"	"BS052"
""	"Candidate only. Verify license, genre label, and audio quality before downloading outside the repo and importing as formal CC audio."	"ソウルミュージック"	"black_music"	"61"	"35"	"reject-or-review-carefully"	"sample-or-collection-pack"	"Ethno Indigo Records Collection Packs"	"Ethno Indigo Records"	"CC-BY-ND"	"http://creativecommons.org/licenses/by-nd/3.0/"	"https://archive.org/details/CollectionHeader_33"	"https://archive.org/download/CollectionHeader_33/EthnoIndigoRev.flac"	"Ethno Indigo Records; Ambient; IDM; Electronica; Jazz; Noise; Glitch; Lo-Fi; Field Recording; Computer VST Music"	"CollectionHeader_33"
""	"Candidate only. Verify license, genre label, and audio quality before downloading outside the repo and importing as formal CC audio."	"ソウルミュージック"	"black_music"	"61"	"67"	"maybe-review"	""	"Noisesurfer - Spiritual World Sampled"	"Noisesurfer"	"CC-BY-NC-SA"	"http://creativecommons.org/licenses/by-nc-sa/3.0/"	"https://archive.org/details/Noisesurfer-SpiritualWorldSampled"	"https://archive.org/download/Noisesurfer-SpiritualWorldSampled/Part01Of12.mp3"	"Noisesurfer; Ethno Indigo Records; Electronica; Idm; Field Recording; Drum and Bass; Glitch; Avant Garde; Hars; Drone; Electro"	"Noisesurfer-SpiritualWorldSampled"
""	"Candidate only. Verify license, genre label, and audio quality before downloading outside the repo and importing as formal CC audio."	"ソウルミュージック"	"black_music"	"61"	"63"	"maybe-review"	""	"Open Metalcast #58: Original Sins"	"Craig Maloney"	"CC-BY-NC-ND"	"http://creativecommons.org/licenses/by-nc-nd/3.0/"	"https://archive.org/details/OpenMetalcast58OriginalSins"	"https://archive.org/download/OpenMetalcast58OriginalSins/open_metalcast_058.mp3"	"metal; creativecommons; openmetalcast"	"OpenMetalcast58OriginalSins"
""	"Candidate only. Verify license, genre label, and audio quality before downloading outside the repo and importing as formal CC audio."	"ソウルミュージック"	"black_music"	"61"	"81"	"review-first"	""	"cl-029 | PJE - Thought Process"	""	"CC-BY-NC-ND"	"http://creativecommons.org/licenses/by-nc-nd/3.0/de/"	"https://archive.org/details/Cl-029Pje-ThoughtProcess"	"https://archive.org/download/Cl-029Pje-ThoughtProcess/cl029_08_pje_-_momentary.mp3"	"ambient; netaudio; creative commons"	"Cl-029Pje-ThoughtProcess"
""	"Candidate only. Verify license, genre label, and audio quality before downloading outside the repo and importing as formal CC audio."	"ソウルミュージック"	"black_music"	"61"	"63"	"maybe-review"	""	"Open Metalcast Episode #99: Jury Duty"	"Craig Maloney"	"CC-BY-NC-ND"	"http://creativecommons.org/licenses/by-nc-nd/3.0/"	"https://archive.org/details/OpenMetalcastEpisode99JuryDuty"	"https://archive.org/download/OpenMetalcastEpisode99JuryDuty/open_metalcast_099.mp3"	"metal;creativecommons; openmetalcast"	"OpenMetalcastEpisode99JuryDuty"
""	"Candidate only. Verify license, genre label, and audio quality before downloading outside the repo and importing as formal CC audio."	"ソウルミュージック"	"black_music"	"61"	"63"	"maybe-review"	""	"Open Metalcast Episode #45: Casu consulto"	"Craig Maloney"	"CC-BY-NC-ND"	"http://creativecommons.org/licenses/by-nc-nd/3.0/"	"https://archive.org/details/OpenMetalcastEpisode45CasuConsulto"	"https://archive.org/download/OpenMetalcastEpisode45CasuConsulto/open_metalcast_045.mp3"	"metal; creativecommons; openmetalcast"	"OpenMetalcastEpisode45CasuConsulto"
""	"Candidate only. Verify license, genre label, and audio quality before downloading outside the repo and importing as formal CC audio."	"ソウルミュージック"	"black_music"	"61"	"63"	"maybe-review"	""	"Open Metalcast Episode #76: Shut up and mosh"	"Craig Maloney"	"CC-BY-NC-ND"	"http://creativecommons.org/licenses/by-nc-nd/3.0/"	"https://archive.org/details/OpenMetalcastEpisode76ShutUpAndMosh"	"https://archive.org/download/OpenMetalcastEpisode76ShutUpAndMosh/open_metalcast_076.mp3"	"metal; creativecommons; openmetalcast"	"OpenMetalcastEpisode76ShutUpAndMosh"
""	"Candidate only. Verify license, genre label, and audio quality before downloading outside the repo and importing as formal CC audio."	"ソウルミュージック"	"black_music"	"61"	"81"	"review-first"	""	"An endless Tomorrow by Enuma Elish (Spanish Metal band)"	"Enuma Elish (Spanish Metal Band)"	"CC-BY-NC-ND"	"http://creativecommons.org/licenses/by-nc-nd/3.0/"	"https://archive.org/details/AnEndlessTomorrowByEnumaElish"	"https://archive.org/download/AnEndlessTomorrowByEnumaElish/11-AnEndlessTomorrow.mp3"	"enuma; elish; enumaelish; an; endless; tomorrow; metal; heavy; heavymetal; rock; music; musica; free; creative; commons; powermetal; symphonic; trash; trashmetal; death; deathmetal; screams; gutural; femme; macbeth; Shakespeare; dark; libre; dave; imbernon; oriana; shadows; fede; dani; agudo; cabal; rock; webzine; descargas; mp3; spanish; european; potente; espaÃ±ol; europeo; libre; copyleft; musica"	"AnEndlessTomorrowByEnumaElish"
""	"Candidate only. Verify license, genre label, and audio quality before downloading outside the repo and importing as formal CC audio."	"ソウルミュージック"	"black_music"	"61"	"63"	"maybe-review"	""	"Open Metalcast Episode #181: Fallen Back"	"Craig Maloney"	"CC-BY-NC-ND"	"http://creativecommons.org/licenses/by-nc-nd/4.0/"	"https://archive.org/details/OpenMetalcastEpisode181FallenBack"	"https://archive.org/download/OpenMetalcastEpisode181FallenBack/open_metalcast_181.mp3"	"metal; creativecommons; openmetalcast"	"OpenMetalcastEpisode181FallenBack"
""	"Candidate only. Verify license, genre label, and audio quality before downloading outside the repo and importing as formal CC audio."	"ソウルミュージック"	"black_music"	"61"	"81"	"review-first"	""	"[SRmp3 133] Grr - Snuffcraft (Sociopath Recordings)"	"Grr"	"CC-BY-NC-ND"	"http://creativecommons.org/licenses/by-nc-nd/3.0/"	"https://archive.org/details/SRmp3_133"	"https://archive.org/download/SRmp3_133/SRmp3_133.mp3"	"breakcore""; ""hardcore""; ""experimental""; Sociopath Recordings"""	"SRmp3_133"
""	"Candidate only. Verify license, genre label, and audio quality before downloading outside the repo and importing as formal CC audio."	"ソウルミュージック"	"black_music"	"61"	"81"	"review-first"	""	"FFM-016: Gregg Plummer - Red Veil"	"Gregg Plummer"	"CC-BY-NC-ND"	"https://creativecommons.org/licenses/by-nc-nd/4.0/"	"https://archive.org/details/freefloatingmusic016"	"https://archive.org/download/freefloatingmusic016/04%20Seekers%20Of%20Truth.flac"	"ambient music; electronic ambient music; Creative Commons Music; Free Floating"	"freefloatingmusic016"
""	"Candidate only. Verify license, genre label, and audio quality before downloading outside the repo and importing as formal CC audio."	"ソウルミュージック"	"black_music"	"60"	"80"	"review-first"	""	"[LBN037] Feminine - ""Lorelei"""	""	"CC-BY-NC-ND"	"http://creativecommons.org/licenses/by-nc-nd/3.0/"	"https://archive.org/details/LBN037Feminine-Lorelei"	"https://archive.org/download/LBN037Feminine-Lorelei/08.%20Coral%20Face.flac"	"Lorelei; Feminine; Melania Casella; La bèl; netlabel; Creative Commons; Italy; Sicily; Stuttgart; Giampiero Riggio; Francesco Cipriano; Dream Pop; Folktronica; Lowless"	"LBN037Feminine-Lorelei"
""	"Candidate only. Verify license, genre label, and audio quality before downloading outside the repo and importing as formal CC audio."	"ソウルミュージック"	"black_music"	"60"	"62"	"maybe-review"	""	"Open Metalcast Episode #125: One, Two, Five"	"Craig Maloney"	"CC-BY-NC-ND"	"http://creativecommons.org/licenses/by-nc-nd/3.0/"	"https://archive.org/details/OpenMetalcastEpisode125OneTwoFive"	"https://archive.org/download/OpenMetalcastEpisode125OneTwoFive/open_metalcast_125.mp3"	"metal; creativecommons; openmetalcast"	"OpenMetalcastEpisode125OneTwoFive"
""	"Candidate only. Verify license, genre label, and audio quality before downloading outside the repo and importing as formal CC audio."	"ソウルミュージック"	"black_music"	"60"	"62"	"maybe-review"	""	"Open Metalcast Episode #69 - Pranky Cranky"	"Craig Maloney"	"CC-BY-NC-ND"	"http://creativecommons.org/licenses/by-nc-nd/3.0/"	"https://archive.org/details/OpenMetalcastEpisode69-PrankyCranky"	"https://archive.org/download/OpenMetalcastEpisode69-PrankyCranky/open_metalcast_069.mp3"	"metal; creativecommons; openmetalcast"	"OpenMetalcastEpisode69-PrankyCranky"
""	"Candidate only. Verify license, genre label, and audio quality before downloading outside the repo and importing as formal CC audio."	"ソウルミュージック"	"black_music"	"60"	"62"	"maybe-review"	""	"[LBN042] Macchiato Funky - ""Bugella 20-50"""	"Macchiato Funky"	"CC-BY-NC-ND"	"http://creativecommons.org/licenses/by-nc-nd/4.0/"	"https://archive.org/details/LBN042MacchiatoFunky-Bugella20-50"	"https://archive.org/download/LBN042MacchiatoFunky-Bugella20-50/04.Sospeso.flac"	"electronica; funky; instrumental; soundtrack; La bèl; netlabel; creative commons; free; ambient; Soft electro rock; Psycho electric ambient; road music; travel; Funk; Funkytronica; electrofunk; instrumental funk; funkadelic; Trip Funkytronica; Slow Dance; Psychotronica; Hop; Psychotronica; Cinema; Dream; hypnotic; R&B; Soul; Fusion; electro-blues; instrumental soul; Reggae; Electro-Psycho-Reggae; videogame; summer; hot; Western; Asia; Documentary; artrock; dream pop; post-rock; electro-post-rock; spot; spring; breakfast"	"LBN042MacchiatoFunky-Bugella20-50"
""	"Candidate only. Verify license, genre label, and audio quality before downloading outside the repo and importing as formal CC audio."	"ソウルミュージック"	"black_music"	"60"	"62"	"maybe-review"	""	"Open Metalcast Episode #73: Magic Smoke"	""	"CC-BY-NC-ND"	"http://creativecommons.org/licenses/by-nc-nd/3.0/"	"https://archive.org/details/OpenMetalcastEpisode73MagicSmoke"	"https://archive.org/download/OpenMetalcastEpisode73MagicSmoke/open_metalcast_073.mp3"	"metal; creativecommons; openmetalcast"	"OpenMetalcastEpisode73MagicSmoke"
""	"Candidate only. Verify license, genre label, and audio quality before downloading outside the repo and importing as formal CC audio."	"ソウルミュージック"	"black_music"	"60"	"66"	"maybe-review"	""	"FA 023-1 INVOCACION - 1st Latin-American Drone & Funeral Doom documental work compilation"	"INVOCACION - FUNERART - 9th MERIDIAN RECORDS"	"Creative Commons"	"http://creativecommons.org/licenses/publicdomain/"	"https://archive.org/details/Fa023-1Invocacion-1stLatin-americanDroneFuneralDoomDocumentalWork"	"https://archive.org/download/Fa023-1Invocacion-1stLatin-americanDroneFuneralDoomDocumentalWork/47-VoiceTransmissionsWithTheDeceased-PassingAwayPartSix.mp3"	"funeral doom; atmosphere funeral doom; drone; doom; death doom; doom metal; monolitic funeral doom; atmosphere doom; black doom; black funeral doom"	"Fa023-1Invocacion-1stLatin-americanDroneFuneralDoomDocumentalWork"
""	"Candidate only. Verify license, genre label, and audio quality before downloading outside the repo and importing as formal CC audio."	"ソウルミュージック"	"black_music"	"57"	"77"	"maybe-review"	""	"[GTakt002] Modulares Klang Konzept - Fader EP"	"Modulares Klang Konzept"	"CC-BY-NC-ND"	"http://creativecommons.org/licenses/by-nc-nd/3.0/de/"	"https://archive.org/details/gtakt002ModularesKlangKonzept-FaderEp"	"https://archive.org/download/gtakt002ModularesKlangKonzept-FaderEp/GTakt002_Modulares_Klang_Konzept_-_Crying_Soul_Fader_EP.mp3"	"Gleichtakt; Modulares Klang Konzept; MKK; Minimal; GTakt002; Deep; Electro; Netlabel"	"gtakt002ModularesKlangKonzept-FaderEp"
""	"Candidate only. Verify license, genre label, and audio quality before downloading outside the repo and importing as formal CC audio."	"ソウルミュージック"	"black_music"	"56"	"86"	"review-first"	""	"MNF023 Dsum & Morris - Arium FL"	"Dsum"	"CC-BY-SA"	"http://creativecommons.org/licenses/by-sa/3.0/"	"https://archive.org/details/MNF023_Dsum_Morris--Arium_FL"	"https://archive.org/download/MNF023_Dsum_Morris--Arium_FL/02_Dsum_Morris_-_Danza_Planetaria.mp3"	"monofonicos; netlabel; colombia; house; techno; minimal; dub techno; deep house; deep; dub; Medellin; Colombia; Eviru Dibad; Dsum; David Uribe; Morris; Dsum Morris; Morris Medellin; Dsum Morris Arium FL; Netlabel Colombia"	"MNF023_Dsum_Morris--Arium_FL"
""	"Candidate only. Verify license, genre label, and audio quality before downloading outside the repo and importing as formal CC audio."	"ソウルミュージック"	"black_music"	"55"	"57"	"low-confidence-review"	""	"Edensonic compilation (2 CDs)"	"Edensonic"	"CC-BY-NC-ND"	"http://creativecommons.org/licenses/by-nc-nd/3.0/"	"https://archive.org/details/Edensonic_020"	"https://archive.org/download/Edensonic_020/ES020_CD1_05_maldo_memory.mp3"	"edensonic techno minimal"	"Edensonic_020"
""	"Candidate only. Verify license, genre label, and audio quality before downloading outside the repo and importing as formal CC audio."	"ソウルミュージック"	"black_music"	"55"	"57"	"low-confidence-review"	""	"[alk011] Dubh Thrian [isolater ep]"	""	"CC-BY-NC-ND"	"http://creativecommons.org/licenses/by-nc-nd/3.0/"	"https://archive.org/details/alk011DubhThrianisolaterEp"	"https://archive.org/download/alk011DubhThrianisolaterEp/04NiasomatixKrewRe-construct.mp3"	"Electronic; Hip Hop; Dub; Various Artists; Alkalinear; Netlabel; Creative Commons; Rumbus Merry Legs; Sunken Foal; Ventolyn & Becotyde; Jimmy Penguin; Kanobi; Herv; Mrs. Jynx; The Person; The Audiologist; Mr. Barton; Eigenheimer; Junior 85; Syndrom; Nonima; Vektordrum; Naive Ted; Chris Coffey; Planet Beyond; Tiruset; Chiwawa Studios; Bitwise Operator; Mikey Fingers & Tweek; Swarm Intelligence; Nmesme"	"alk011DubhThrianisolaterEp"
""	"Candidate only. Verify license, genre label, and audio quality before downloading outside the repo and importing as formal CC audio."	"ディープ・ハウス"	"electronic"	"62"	"82"	"review-first"	""	"[alw026] Fabian Boehm # Thoala Forrest EP"	"auflegware"	"CC-BY-NC-ND"	"http://creativecommons.org/licenses/by-nc-nd/3.0/de/"	"https://archive.org/details/Auflegware026"	"https://archive.org/download/Auflegware026/alw026_01.FabianBoehm-ThoalaForrest_EP_fassa_nehma_part_II.mp3"	"house; techno; electronica; minimal; techhouse; auflegware; auflegware026; alw026; Fabian Boehm; Fabian BÃ¶hm; Thoala Forrest; netaudio; Creative Commons"	"Auflegware026"
"approved"	"approved: subject explicitly Deep/House/Tech House; CC netlabel"	"ディープ・ハウス"	"electronic"	"62"	"86"	"review-first"	""	"[AUDCST003] Walker, There Is No Path - The DepenDance EP"	"Walker, There Is No Path"	"CC-BY-NC"	"http://creativecommons.org/licenses/by-nc/3.0/"	"https://archive.org/details/TheDependanceEpByWalkerThereIsNoPath"	"https://archive.org/download/TheDependanceEpByWalkerThereIsNoPath/DepenDance.mp3"	"Techno; Tech House; House; Progressive; Minimal; Deep; Minimal Techno; Electronic; Audiocast Productions; netaudio; netlabel; creative commons"	"TheDependanceEpByWalkerThereIsNoPath"
""	"Candidate only. Verify license, genre label, and audio quality before downloading outside the repo and importing as formal CC audio."	"ディープ・ハウス"	"electronic"	"62"	"86"	"review-first"	""	"Follow Me"	"Pitchcraft"	"CC-BY-NC"	"http://creativecommons.org/licenses/by-nc/4.0/"	"https://archive.org/details/tou296"	"https://archive.org/download/tou296/01-Pitchcraft-Follow_Me.mp3"	"electro house; EDM; electronic; dance; music; mp3; free; creative commons"	"tou296"
"approved"	"approved: explicit progressive/melodic/deep house tags, CC metadata present"	"ディープ・ハウス"	"electronic"	"62"	"82"	"review-first"	""	"Landscapes"	"Marc Burt"	"CC-BY-NC-ND"	"https://creativecommons.org/licenses/by-nc-nd/4.0/"	"https://archive.org/details/toulp12"	"https://archive.org/download/toulp12/02%20-%20Marc%20Burt%20-%20Turbulence%202020%20remix.mp3"	"progressive house; trance; melodic house; deep house; music; dance music; EDM; uplifting; UK; 2020; Creative Commons; podsafe; music for video"	"toulp12"
"approved"	"approved: Jamendo IA mirror with deephouse/electronic/house tags"	"ディープ・ハウス"	"electronic"	"62"	"82"	"review-first"	""	"Emmanuel Gawd - The Don Father"	"Emmanuel Gawd"	"CC-BY-NC-ND"	"http://creativecommons.org/licenses/by-nc-nd/3.0/"	"https://archive.org/details/jamendo-558359"	"https://archive.org/download/jamendo-558359/01-2150504-Emmanuel%20Gawd-The%20Don%20Father.mp3"	"deephouse; electronic; house; neutral; Single"	"jamendo-558359"
""	"Candidate only. Verify license, genre label, and audio quality before downloading outside the repo and importing as formal CC audio."	"ディープ・ハウス"	"electronic"	"62"	"86"	"review-first"	""	"Infraction - Departures"	"Infraction"	"CC-BY-NC-SA"	"http://creativecommons.org/licenses/by-nc-sa/3.0/"	"https://archive.org/details/jamendo-516116"	"https://archive.org/download/jamendo-516116/01-2019859-Infraction-Departures.mp3"	"electronic; happy; house; synthesizer; upbeat; vlog; Single"	"jamendo-516116"
"approved"	"approved: Jamendo IA mirror with deephouse/deeplounge tags"	"ディープ・ハウス"	"electronic"	"62"	"82"	"review-first"	""	"BACKIT - Deep Flow"	"BACKIT"	"CC-BY-NC-ND"	"http://creativecommons.org/licenses/by-nc-nd/3.0/"	"https://archive.org/details/jamendo-170099"	"https://archive.org/download/jamendo-170099/05-1467132-BACKIT-Loving%20Deep%20_Radio%20Set_.mp3"	"deephouse; deeplounge; electronic; house; inspirational; neutral; synthesizer; Album"	"jamendo-170099"
""	"Candidate only. Verify license, genre label, and audio quality before downloading outside the repo and importing as formal CC audio."	"ディープ・ハウス"	"electronic"	"62"	"82"	"review-first"	""	"Axined & Mr. Moohman - Axined & Mr. Moohman feat. Kostia Deep - Without Gravity"	"Axined & Mr. Moohman"	"CC-BY-NC-ND"	"http://creativecommons.org/licenses/by-nc-nd/3.0/"	"https://archive.org/details/jamendo-247735"	"https://archive.org/download/jamendo-247735/01-1423096-Axined%20_amp_%20Mr.%20Moohman-Without%20Gravity%20_feat.%20Kostia%20Deep_.mp3"	"electronic; house; neutral; Single"	"jamendo-247735"
"approved"	"approved: title and subject explicitly melodic vocal deep house/deephouse"	"ディープ・ハウス"	"electronic"	"62"	"82"	"review-first"	""	"Marco corsini dj - SUMMER- melodic vocal deep house"	"Marco corsini dj"	"CC-BY-NC-ND"	"http://creativecommons.org/licenses/by-nc-nd/3.0/"	"https://archive.org/details/jamendo-302793"	"https://archive.org/download/jamendo-302793/01-1445421-Marco%20corsini%20dj-SUMMER-%20melodic%20vocal%20deep%20house.mp3"	"dance; deephouse; disco; Single"	"jamendo-302793"
"approved"	"approved: subject explicitly deep house/deep/dub techno; CC netlabel"	"ディープ・ハウス"	"electronic"	"61"	"91"	"review-first"	""	"MNF022 DCM - Elevación"	"DCM"	"CC-BY-SA"	"http://creativecommons.org/licenses/by-sa/3.0/"	"https://archive.org/details/MNF022_DCM--Elevacion"	"https://archive.org/download/MNF022_DCM--Elevacion/03_DCM_-_Oblivion.mp3"	"monofonicos; netlabel; colombia; house; techno; minimal; dub techno; deep house; deep; dub; Medellin; Colombia; Netlabel Colombia; DCM; DCM Monofonicos; DCM Elevacion; DCM Elevacion Album; Alex Under; Dsum; Vandelklang; QK; Lowcut; free music"	"MNF022_DCM--Elevacion"
""	"Candidate only. Verify license, genre label, and audio quality before downloading outside the repo and importing as formal CC audio."	"ディープ・ハウス"	"electronic"	"61"	"85"	"review-first"	""	"[RAR031] In Vitro - Falso Self En Androides EP"	"In Vitro"	"CC-BY-NC-SA"	"http://creativecommons.org/licenses/by-nc-sa/3.0/us/"	"https://archive.org/details/RAR031_In_Vitro_Falso_Self_En_Androides_EP"	"https://archive.org/download/RAR031_In_Vitro_Falso_Self_En_Androides_EP/03_Un_vaso_de_agua_para_dos_androides.mp3"	"Progressive House; Tech House; Abstract"	"RAR031_In_Vitro_Falso_Self_En_Androides_EP"
""	"Candidate only. Verify license, genre label, and audio quality before downloading outside the repo and importing as formal CC audio."	"ディープ・ハウス"	"electronic"	"61"	"63"	"maybe-review"	""	"[45rpm029/2010] Nameless Dancers - Midday Lounge"	"Nameless Dancers"	"CC-BY-NC-ND"	"http://creativecommons.org/licenses/by-nc-nd/3.0/"	"https://archive.org/details/45rpm0292010NamelessDancers-MiddayLounge"	"https://archive.org/download/45rpm0292010NamelessDancers-MiddayLounge/a_Nameless_Dancers_-_Midday_Lounge.mp3"	"45RPM-Records Label; Nameless Dancers; EugeneKha; Lounge; Single; Promo; Russia"	"45rpm0292010NamelessDancers-MiddayLounge"
""	"Candidate only. Verify license, genre label, and audio quality before downloading outside the repo and importing as formal CC audio."	"ディープ・ハウス"	"electronic"	"61"	"85"	"review-first"	""	"[RAR036] Jak - Echo Infection EP"	"Jak"	"CC-BY-NC-SA"	"http://creativecommons.org/licenses/by-nc-sa/3.0/us/"	"https://archive.org/details/rar036Jak-EchoInfectionEp"	"https://archive.org/download/rar036Jak-EchoInfectionEp/02_Mode_Of_Life.mp3"	"dub; techno; deep tech; tech house; jak"	"rar036Jak-EchoInfectionEp"
""	"Candidate only. Verify license, genre label, and audio quality before downloading outside the repo and importing as formal CC audio."	"ディープ・ハウス"	"electronic"	"61"	"85"	"review-first"	""	"[RAR034] Dennis Shoker Warm Reception EP"	"Dennis Shoker"	"CC-BY-NC-SA"	"http://creativecommons.org/licenses/by-nc-sa/3.0/us/"	"https://archive.org/details/Rar034_dennis_shoker_warmReception_ep"	"https://archive.org/download/Rar034_dennis_shoker_warmReception_ep/01_Striped.mp3"	"Deep House; Deep Tech; Minimal House"	"Rar034_dennis_shoker_warmReception_ep"
""	"Candidate only. Verify license, genre label, and audio quality before downloading outside the repo and importing as formal CC audio."	"ディープ・ハウス"	"electronic"	"61"	"85"	"review-first"	""	"qui"	"algn"	"CC-BY-NC"	"http://creativecommons.org/licenses/by-nc/3.0/"	"https://archive.org/details/epa063"	"https://archive.org/download/epa063/03_quillota.mp3"	"algn; qui; epa sonidos; epasonidos; netlabel; netaudio; deep; techno; house"	"epa063"
""	"Candidate only. Verify license, genre label, and audio quality before downloading outside the repo and importing as formal CC audio."	"ディープ・ハウス"	"electronic"	"61"	"63"	"maybe-review"	""	"Open Metalcast Episode #88: Palindromic Repdigit Piano"	"Craig Maloney"	"CC-BY-NC-ND"	"http://creativecommons.org/licenses/by-nc-nd/3.0/"	"https://archive.org/details/OpenMetalcastEpisode88PalindromicRepdigitPiano"	"https://archive.org/download/OpenMetalcastEpisode88PalindromicRepdigitPiano/open_metalcast_088.mp3"	"metal; creativecommons; openmetalcast"	"OpenMetalcastEpisode88PalindromicRepdigitPiano"
""	"Candidate only. Verify license, genre label, and audio quality before downloading outside the repo and importing as formal CC audio."	"ディープ・ハウス"	"electronic"	"61"	"85"	"review-first"	""	"[RAR028] Chris Bulman - Colour Of Nite EP"	"Chris Bulman"	"CC-BY-NC-SA"	"http://creativecommons.org/licenses/by-nc-sa/3.0/us/"	"https://archive.org/details/RAR028_Chris_Bulman_Colour_Of_Nite_EP"	"https://archive.org/download/RAR028_Chris_Bulman_Colour_Of_Nite_EP/04_Wamping_Willow.mp3"	"Deep House; Progressive House; Ambient"	"RAR028_Chris_Bulman_Colour_Of_Nite_EP"
""	"Candidate only. Verify license, genre label, and audio quality before downloading outside the repo and importing as formal CC audio."	"ディープ・ハウス"	"electronic"	"61"	"91"	"review-first"	""	"MNE007 Gartner - snk"	"Gartner"	"CC-BY-SA"	"http://creativecommons.org/licenses/by-sa/3.0/"	"https://archive.org/details/MNE007_Gartner--snk"	"https://archive.org/download/MNE007_Gartner--snk/12_Gartner_-_snk_12.mp3"	"monofonicos; netlabel; colombia; house; techno; minimal; dub techno; deep house; deep; dub; IDM; Ambient; Dub Techno; Sci-Fi; Medellin; Colombia; Netlabel Colombia; Gartner; Gartner snk"	"MNE007_Gartner--snk"
""	"Candidate only. Verify license, genre label, and audio quality before downloading outside the repo and importing as formal CC audio."	"ディープ・ハウス"	"electronic"	"61"	"85"	"review-first"	""	"Carousel E.P."	"Aerologic"	"CC-BY-NC"	"http://creativecommons.org/licenses/by-nc/3.0/"	"https://archive.org/details/tou340"	"https://archive.org/download/tou340/Aerologic%20-%20White%20Label.mp3"	"progressive house; EDM; dance music; trance; 2018; music; mp3; free; Creative Commons; podsafe"	"tou340"
""	"Candidate only. Verify license, genre label, and audio quality before downloading outside the repo and importing as formal CC audio."	"ディープ・ハウス"	"electronic"	"61"	"85"	"review-first"	""	"Purple World"	"Astral Outlander"	"CC-BY-NC-SA"	"http://creativecommons.org/licenses/by-nc-sa/4.0/"	"https://archive.org/details/Jamendo0132171"	"https://archive.org/download/Jamendo0132171/14%20-%20Astral%20Outlander%20-%20Spring%20Comes.ogg"	"Jamendo; 8-bit; deep house; downtempo; experimental; hip hop; acoustic; ambient; atmospheric; breakbeat; chillout; chillstep; instrumental; psychedelic; psytrance; techno; trip hop"	"Jamendo0132171"
""	"Candidate only. Verify license, genre label, and audio quality before downloading outside the repo and importing as formal CC audio."	"ディープ・ハウス"	"electronic"	"61"	"85"	"review-first"	""	"Speedsound - Interstellar Troublemaker - The X Files"	"Speedsound"	"CC-BY-NC-SA"	"http://creativecommons.org/licenses/by-nc-sa/3.0/"	"https://archive.org/details/jamendo-138133"	"https://archive.org/download/jamendo-138133/01-1151479-Speedsound-Interstellar%20Troublemaker%20-%20The%20X%20Files.mp3"	"electronic; logic; psytrance; trance; Single"	"jamendo-138133"
""	"Candidate only. Verify license, genre label, and audio quality before downloading outside the repo and importing as formal CC audio."	"ディープ・ハウス"	"electronic"	"61"	"85"	"review-first"	""	"GYAKO - Nobody Gyako 2020"	"GYAKO"	"CC-BY-NC-SA"	"http://creativecommons.org/licenses/by-nc-sa/3.0/"	"https://archive.org/details/jamendo-401977"	"https://archive.org/download/jamendo-401977/01-1718606-GYAKO-Nobody%20Gyako%202020.mp3"	"deephouse; happy; Single"	"jamendo-401977"
""	"Candidate only. Verify license, genre label, and audio quality before downloading outside the repo and importing as formal CC audio."	"ディープ・ハウス"	"electronic"	"61"	"81"	"review-first"	""	"Roger Subirana Mata - Journey to the stars"	"Roger Subirana Mata"	"CC-BY-NC-ND"	"http://creativecommons.org/licenses/by-nc-nd/3.0/"	"https://archive.org/details/jamendo-335065"	"https://archive.org/download/jamendo-335065/01-1601714-Roger%20Subirana%20Mata-Journey%20to%20the%20stars.mp3"	"emotional; film; filmscore; piano; sad; Single"	"jamendo-335065"
""	"Candidate only. Verify license, genre label, and audio quality before downloading outside the repo and importing as formal CC audio."	"ディープ・ハウス"	"electronic"	"61"	"85"	"review-first"	""	"Infraction - The Closer We Feel"	"Infraction"	"CC-BY-NC-SA"	"http://creativecommons.org/licenses/by-nc-sa/3.0/"	"https://archive.org/details/jamendo-463890"	"https://archive.org/download/jamendo-463890/01-1903717-Infraction-The%20Closer%20We%20Feel.mp3"	"corporate; electricpiano; neutral; summer; uplifting; Single"	"jamendo-463890"
""	"Candidate only. Verify license, genre label, and audio quality before downloading outside the repo and importing as formal CC audio."	"ディープ・ハウス"	"electronic"	"61"	"81"	"review-first"	""	"JURA - 68 JURA lightning bolt of fire 2024"	"JURA"	"CC-BY-NC-ND"	"http://creativecommons.org/licenses/by-nc-nd/3.0/"	"https://archive.org/details/jamendo-581229"	"https://archive.org/download/jamendo-581229/03-2206805-JURA-hurricane%20party.mp3"	"dark; electronic; hardcore; neutral; techno; Album"	"jamendo-581229"
""	"Candidate only. Verify license, genre label, and audio quality before downloading outside the repo and importing as formal CC audio."	"ディープ・ハウス"	"electronic"	"61"	"81"	"review-first"	""	"Djeemax - Bewitched"	"Djeemax"	"CC-BY-NC-ND"	"http://creativecommons.org/licenses/by-nc-nd/3.0/"	"https://archive.org/details/jamendo-612654"	"https://archive.org/download/jamendo-612654/01-2273966-Djeemax-Bewitched.mp3"	"deephouse; electronic; neutral; techno; Single"	"jamendo-612654"
""	"Candidate only. Verify license, genre label, and audio quality before downloading outside the repo and importing as formal CC audio."	"ディープ・ハウス"	"electronic"	"61"	"81"	"review-first"	""	"En-Studio - In The Shadow Of The Moon"	"En-Studio"	"CC-BY-NC-ND"	"http://creativecommons.org/licenses/by-nc-nd/3.0/"	"https://archive.org/details/jamendo-461214"	"https://archive.org/download/jamendo-461214/01-1897344-En-Studio-In%20The%20Shadow%20Of%20The%20Moon.mp3"	"atmospheric; chillout; deephouse; electronic; neutral; relaxing; synthesizer; Single"	"jamendo-461214"
""	"Candidate only. Verify license, genre label, and audio quality before downloading outside the repo and importing as formal CC audio."	"ディープ・ハウス"	"electronic"	"61"	"81"	"review-first"	""	"SoUnD WaVeS-official - There’s a Dance at the End of the Tunnel"	"SoUnD WaVeS-official"	"CC-BY-NC-ND"	"http://creativecommons.org/licenses/by-nc-nd/3.0/"	"https://archive.org/details/jamendo-177617"	"https://archive.org/download/jamendo-177617/01-1555928-SoUnD%20WaVeS-official-Theres%20a%20Dance%20at%20the%20End%20of%20the%20Tunnel.mp3"	"dance; filmscore; happy; trap; Single"	"jamendo-177617"
""	"Candidate only. Verify license, genre label, and audio quality before downloading outside the repo and importing as formal CC audio."	"ディープ・ハウス"	"electronic"	"61"	"85"	"review-first"	""	"Infraction - The Way Home"	"Infraction"	"CC-BY-NC-SA"	"http://creativecommons.org/licenses/by-nc-sa/3.0/"	"https://archive.org/details/jamendo-456786"	"https://archive.org/download/jamendo-456786/01-1889061-Infraction-The%20Way%20Home.mp3"	"clubbing; deephouse; electronic; happy; house; synthesizer; uplifting; Single"	"jamendo-456786"
""	"Candidate only. Verify license, genre label, and audio quality before downloading outside the repo and importing as formal CC audio."	"ディープ・ハウス"	"electronic"	"61"	"85"	"review-first"	""	"Deep-X Recordings - [deepx358] Vizuary - Cosmos Love"	"Deep-X Recordings"	"CC-BY-NC-SA"	"http://creativecommons.org/licenses/by-nc-sa/3.0/"	"https://archive.org/details/jamendo-151021"	"https://archive.org/download/jamendo-151021/12-1260106-Deep-X%20Recordings-Vizuary%20-%20Now.mp3"	"ambient; deephouse; electronic; energetic; groovy; minimal; synthesizer; vizuary; Album"	"jamendo-151021"
""	"Candidate only. Verify license, genre label, and audio quality before downloading outside the repo and importing as formal CC audio."	"ディープ・ハウス"	"electronic"	"61"	"85"	"review-first"	""	"Gera Zim Zum - Shutter Shades Sunglasses"	"Gera Zim Zum"	"CC-BY-NC-SA"	"http://creativecommons.org/licenses/by-nc-sa/2.5/ar/"	"https://archive.org/details/jamendo-131796"	"https://archive.org/download/jamendo-131796/01-1104166-Gera%20Zim%20Zum-Gera%20Zim%20Zum%20-%20Shutter%20Shades%20Sunglasses.mp3"	"dance; electronic; electronicorgan; fashion; groovy; house; synthesizer; Album"	"jamendo-131796"
""	"Candidate only. Verify license, genre label, and audio quality before downloading outside the repo and importing as formal CC audio."	"ディープ・ハウス"	"electronic"	"61"	"63"	"maybe-review"	""	"Various Artists - Fat & Raw Techno Music 12"	"Various Artists"	"CC-BY-NC-ND"	"http://creativecommons.org/licenses/by-nc-nd/3.0/"	"https://archive.org/details/jamendo-582193"	"https://archive.org/download/jamendo-582193/07-2208917-Various%20Artists-Mr.DeVo_-Bring%20it%20on%20now.mp3"	"drummachine; electronic; happy; house; neutral; synthesizer; techno; Album"	"jamendo-582193"
""	"Candidate only. Verify license, genre label, and audio quality before downloading outside the repo and importing as formal CC audio."	"ディープ・ハウス"	"electronic"	"61"	"81"	"review-first"	""	"Andrey Faustov - Andrey Faustov - Walk The Line"	"Andrey Faustov"	"CC-BY-NC-ND"	"http://creativecommons.org/licenses/by-nc-nd/3.0/"	"https://archive.org/details/jamendo-627372"	"https://archive.org/download/jamendo-627372/01-2305596-Andrey%20Faustov-Walk%20The%20Line.mp3"	"clubbing; deephouse; electronic; groovy; neutral; synthesizer; Single"	"jamendo-627372"
""	"Candidate only. Verify license, genre label, and audio quality before downloading outside the repo and importing as formal CC audio."	"ディープ・ハウス"	"electronic"	"61"	"85"	"review-first"	""	"Infraction - Dont Look Back"	"Infraction"	"CC-BY-NC-SA"	"http://creativecommons.org/licenses/by-nc-sa/3.0/"	"https://archive.org/details/jamendo-450145"	"https://archive.org/download/jamendo-450145/01-1874542-Infraction-Dont%20Look%20Back.mp3"	"deephouse; dreamy; electronic; fashion; happy; house; synthesizer; Single"	"jamendo-450145"
""	"Candidate only. Verify license, genre label, and audio quality before downloading outside the repo and importing as formal CC audio."	"ディープ・ハウス"	"electronic"	"61"	"85"	"review-first"	""	"Billy The Shit - Deaf Or Alive"	"Billy The Shit"	"CC-BY-NC-SA"	"http://creativecommons.org/licenses/by-nc-sa/2.0/de/"	"https://archive.org/details/jamendo-115138"	"https://archive.org/download/jamendo-115138/08-977654-Billy%20The%20Shit-Billy%20The%20Shit%20-%20Knievel.mp3"	"bass; corporate; electronic; groovy; house; strings; upbeat; Album"	"jamendo-115138"
""	"Candidate only. Verify license, genre label, and audio quality before downloading outside the repo and importing as formal CC audio."	"ディープ・ハウス"	"electronic"	"61"	"81"	"review-first"	""	"Café Del Chillia - The Last Hunter"	"Café Del Chillia"	"CC-BY-NC-ND"	"http://creativecommons.org/licenses/by-nc-nd/3.0/"	"https://archive.org/details/jamendo-612734"	"https://archive.org/download/jamendo-612734/01-2274269-Cafe%20Del%20Chillia-The%20Last%20Hunter.mp3"	"chillout; deephouse; electronic; happy; Single"	"jamendo-612734"
""	"Candidate only. Verify license, genre label, and audio quality before downloading outside the repo and importing as formal CC audio."	"ディープ・ハウス"	"electronic"	"61"	"91"	"review-first"	""	"Doug Rice - Before and After / Now and Always"	"Doug Rice"	"CC-BY-SA"	"http://creativecommons.org/licenses/by-sa/3.0/"	"https://archive.org/details/jamendo-131572"	"https://archive.org/download/jamendo-131572/02-1102348-Doug%20Rice-Jaine_s%20Guitar.mp3"	"rock; Album"	"jamendo-131572"
""	"Candidate only. Verify license, genre label, and audio quality before downloading outside the repo and importing as formal CC audio."	"ディープ・ハウス"	"electronic"	"60"	"80"	"review-first"	""	"[45rpm027/2010] Sascha Muller - Phaze Shifter"	"Sascha Muller"	"CC-BY-NC-ND"	"http://creativecommons.org/licenses/by-nc-nd/3.0/"	"https://archive.org/details/45rpm0272010SaschaMuller-PhazeShifter"	"https://archive.org/download/45rpm0272010SaschaMuller-PhazeShifter/b_Sascha_Muller_-_Mind_Over_This_Planet.mp3"	"45RPM-REC; 45RPM-Records Label; Sascha Muller; Ambient; Ambient techno; Ambient-techno; Techno-Ambient; Ambient Series; Germany"	"45rpm0272010SaschaMuller-PhazeShifter"
""	"Candidate only. Verify license, genre label, and audio quality before downloading outside the repo and importing as formal CC audio."	"ディープ・ハウス"	"electronic"	"60"	"84"	"review-first"	""	"With a touch of..."	"D.soul"	"CC-BY-NC"	"http://creativecommons.org/licenses/by-nc/3.0/"	"https://archive.org/details/epa064"	"https://archive.org/download/epa064/04_cariboo.mp3"	"techno; huose; deep; epa sonidos; d.soul; dsoul"	"epa064"
""	"Candidate only. Verify license, genre label, and audio quality before downloading outside the repo and importing as formal CC audio."	"ディープ・ハウス"	"electronic"	"60"	"84"	"review-first"	""	"Micro→Ondas"	"VA"	"CC-BY-NC"	"http://creativecommons.org/licenses/by-nc/3.0/"	"https://archive.org/details/epa066"	"https://archive.org/download/epa066/08_basstk_bombada-06.mp3"	""	"epa066"
""	"Candidate only. Verify license, genre label, and audio quality before downloading outside the repo and importing as formal CC audio."	"ディープ・ハウス"	"electronic"	"60"	"84"	"review-first"	""	"Embankment"	"Sebastian Ramirez"	"CC-BY-NC-SA"	"http://creativecommons.org/licenses/by-nc-sa/3.0/"	"https://archive.org/details/epa072"	"https://archive.org/download/epa072/02_aguas_quimicas.mp3"	""	"epa072"
""	"Candidate only. Verify license, genre label, and audio quality before downloading outside the repo and importing as formal CC audio."	"ディープ・ハウス"	"electronic"	"60"	"80"	"review-first"	""	"FFM-002: Bing Satellites - Twilight Sessions Volume Eight"	"Bing Satellites"	"CC-BY-NC-ND"	"http://creativecommons.org/licenses/by-nc-nd/3.0/"	"https://archive.org/details/freefloatingmusic002"	"https://archive.org/download/freefloatingmusic002/03%20-%20The%20Hottest%20Day%20of%20the%20Year%20I.flac"	"ambient; ambient music; creative commons; netlabel; electronic; abstract"	"freefloatingmusic002"
""	"Candidate only. Verify license, genre label, and audio quality before downloading outside the repo and importing as formal CC audio."	"ディープ・ハウス"	"electronic"	"60"	"84"	"review-first"	""	"Sensorman - The Fortress Of Amplitude"	"Sensorman"	"CC-BY-NC-SA"	"http://creativecommons.org/licenses/by-nc-sa/3.0/"	"https://archive.org/details/jamendo-155042"	"https://archive.org/download/jamendo-155042/06-1303153-Sensorman-Time.mp3"	"deephouse; electronic; happy; sad; sampler; synthesizer; techno; Album"	"jamendo-155042"
""	"Candidate only. Verify license, genre label, and audio quality before downloading outside the repo and importing as formal CC audio."	"ディープ・ハウス"	"electronic"	"60"	"80"	"review-first"	""	"GingerTom - The Gathering"	"GingerTom"	"CC-BY-ND"	"http://creativecommons.org/licenses/by-nd/3.0/"	"https://archive.org/details/jamendo-145144"	"https://archive.org/download/jamendo-145144/03-1208541-GingerTom-Surcease%20of%20Sorrow.mp3"	"cinematic; classical; epic; film; filmscore; horn; moviescore; neutral; orchestra; symphonic; Album"	"jamendo-145144"
""	"Candidate only. Verify license, genre label, and audio quality before downloading outside the repo and importing as formal CC audio."	"ディープ・ハウス"	"electronic"	"60"	"80"	"review-first"	""	"Arpeggiator - Generation Starship: Exodus"	"Arpeggiator"	"CC-BY-NC-ND"	"http://creativecommons.org/licenses/by-nc-nd/3.0/"	"https://archive.org/details/jamendo-613140"	"https://archive.org/download/jamendo-613140/11-2274923-Arpeggiator-A%20New%20Earth.mp3"	"ambient; deephouse; electronic; happy; neutral; orchestra; synthesizer; Album"	"jamendo-613140"
""	"Candidate only. Verify license, genre label, and audio quality before downloading outside the repo and importing as formal CC audio."	"ディープ・ハウス"	"electronic"	"58"	"82"	"review-first"	""	"deeload - mood (cctrax VII) "	"deeload"	"CC-BY-NC-SA"	"http://creativecommons.org/licenses/by-nc-sa/3.0/"	"https://archive.org/details/deeload_mood"	"https://archive.org/download/deeload_mood/deeload%20-%20cctrax%20VII%20-%20mood%20-%2001.mp3"	", DeconBocon, Lingering Last Drops; D-Echo; Liquom; Sobamonk; Barce; Mike Ekin; Random Walkers; Robert Figus; New Man; deep house; cctrax; deeload"	"deeload_mood"
""	"Candidate only. Verify license, genre label, and audio quality before downloading outside the repo and importing as formal CC audio."	"ディープ・ハウス"	"electronic"	"58"	"78"	"review-first"	""	"My Phasing Fender"	"Sulette"	"CC-BY-NC-ND"	"http://creativecommons.org/licenses/by-nc-nd/2.0/de/"	"https://archive.org/details/kreislauf046"	"https://archive.org/download/kreislauf046/04_kreislauf046.mp3"	"House; Deep House; Downtempo"	"kreislauf046"
""	"Candidate only. Verify license, genre label, and audio quality before downloading outside the repo and importing as formal CC audio."	"ディープ・ハウス"	"electronic"	"57"	"87"	"review-first"	""	"MNF023 Dsum & Morris - Arium FL"	"Dsum"	"CC-BY-SA"	"http://creativecommons.org/licenses/by-sa/3.0/"	"https://archive.org/details/MNF023_Dsum_Morris--Arium_FL"	"https://archive.org/download/MNF023_Dsum_Morris--Arium_FL/02_Dsum_Morris_-_Danza_Planetaria.mp3"	"monofonicos; netlabel; colombia; house; techno; minimal; dub techno; deep house; deep; dub; Medellin; Colombia; Eviru Dibad; Dsum; David Uribe; Morris; Dsum Morris; Morris Medellin; Dsum Morris Arium FL; Netlabel Colombia"	"MNF023_Dsum_Morris--Arium_FL"
""	"Candidate only. Verify license, genre label, and audio quality before downloading outside the repo and importing as formal CC audio."	"ディープ・ハウス"	"electronic"	"57"	"87"	"review-first"	""	"MNF027 Dsum - Intimate"	"Dsum"	"CC-BY-SA"	"http://creativecommons.org/licenses/by-sa/4.0/"	"https://archive.org/details/MNF027_Dsum--Intimate"	"https://archive.org/download/MNF027_Dsum--Intimate/03_Dsum_-_Frolic.mp3"	"monofonicos; netlabel; colombia; house; techno; minimal; dub techno; deep house; deep; dub; netlabel; Medellin; Colombia; Dsum; David Uribe; Eviru Dibad; Dsum Intimate; Netlabel Colombia"	"MNF027_Dsum--Intimate"
""	"Candidate only. Verify license, genre label, and audio quality before downloading outside the repo and importing as formal CC audio."	"ディープ・ハウス"	"electronic"	"57"	"87"	"review-first"	""	"MNF018 Sir Leaks - Sonidos Bajotierra"	"Sir Leaks"	"CC-BY-SA"	"http://creativecommons.org/licenses/by-sa/3.0/"	"https://archive.org/details/MNF018_Sir_Leaks--Sonidos_Bajotierra"	"https://archive.org/download/MNF018_Sir_Leaks--Sonidos_Bajotierra/05_Sir_Leaks_-_Espacio_D_Tranquilo_Bobby_Remix.mp3"	"monofonicos; netlabel; deep house; house; medellin; colombia; sir leaks; techno; leaks; pheek; juan farcik; tranquilo bobby; Dsum; DCM"	"MNF018_Sir_Leaks--Sonidos_Bajotierra"
""	"Candidate only. Verify license, genre label, and audio quality before downloading outside the repo and importing as formal CC audio."	"ディープ・ハウス"	"electronic"	"57"	"81"	"review-first"	""	"The Hakim 101 EP"	""	"CC-BY-NC-SA"	"http://creativecommons.org/licenses/by-nc-sa/2.5/"	"https://archive.org/details/rar_001_Hakimmurphy_Hakim101EP"	"https://archive.org/download/rar_001_Hakimmurphy_Hakim101EP/02SpaceImpediment.mp3"	"""Random""""Access""""Recordings""""The""""Hakim""""101""""EP"""	"rar_001_Hakimmurphy_Hakim101EP"
""	"Candidate only. Verify license, genre label, and audio quality before downloading outside the repo and importing as formal CC audio."	"ディープ・ハウス"	"electronic"	"57"	"81"	"review-first"	""	"deeload - cc state of house (cctrax II)"	"deeload"	"CC-BY-NC-SA"	"http://creativecommons.org/licenses/by-nc-sa/3.0/"	"https://archive.org/details/cctrax-state-of-house"	"https://archive.org/download/cctrax-state-of-house/cc-state-of-house.mp3"	"house; zuat-zu; Natural Funk; Blaxrotationists; Cassique; Giuliano Rodrigues; Bipolar; Mickschen; Dennis Shoker; Franz Kubbillum; Gale Talk; Herb & Matt; Joel Enzo; Michael Ballus; Niko Kot; Paulice; RCF; No Sense; deep house; tech house"	"cctrax-state-of-house"
""	"Candidate only. Verify license, genre label, and audio quality before downloading outside the repo and importing as formal CC audio."	"ディープ・ハウス"	"electronic"	"57"	"87"	"review-first"	""	"MNF024 Bobby Marleni - Defected Jamz Vol 2"	"MALA"	"CC-BY-SA"	"http://creativecommons.org/licenses/by-sa/3.0/"	"https://archive.org/details/MNF024_Bobby_Marleni--Defected_Jamz_Vol_2"	"https://archive.org/download/MNF024_Bobby_Marleni--Defected_Jamz_Vol_2/06_Bobby_Marleni_-_Sexy_Sexy.mp3"	"monofonicos; netlabel; colombia; house; techno; minimal; funky; deep house; deep; Medellin; Colombia; MALA; Bobby Marleni; Monofonicos; Monofonicos Netlabel; Netlabel Colombia"	"MNF024_Bobby_Marleni--Defected_Jamz_Vol_2"
""	"Candidate only. Verify license, genre label, and audio quality before downloading outside the repo and importing as formal CC audio."	"ディープ・ハウス"	"electronic"	"57"	"87"	"review-first"	""	"MNS006 V.A - Colores Paralelos"	"Monofónicos"	"CC-BY-SA"	"http://creativecommons.org/licenses/by-sa/3.0/"	"https://archive.org/details/MNS006_VA--Colores_Paralelos"	"https://archive.org/download/MNS006_VA--Colores_Paralelos/08_Christopher_-_Historias_Cortas_(Bipolar_Mix).mp3"	"monofonicos; netlabel; colombia; house; techno; minimal; dub techno; deep house; deep; dub; Medellin; Colombia; Netlabel Colombia; Paulo Olarte; DCM; QK; CosmicSwim; Ruido Selecto; Sir Leaks; Dreama; Christopher; Morris; Al3xandria; Deraout; Durcheinander; MALA; Velez; Therap; Monofonicos Netlabel"	"MNS006_VA--Colores_Paralelos"
""	"Candidate only. Verify license, genre label, and audio quality before downloading outside the repo and importing as formal CC audio."	"ディープ・ハウス"	"electronic"	"57"	"81"	"review-first"	""	"RAR017 Tomas Haas Destination: UK EP"	"Tomas Haas"	"CC-BY-NC-SA"	"http://creativecommons.org/licenses/by-nc-sa/3.0/us/"	"https://archive.org/details/RAR017_Tomas_Haas_Destination_UK_EP"	"https://archive.org/download/RAR017_Tomas_Haas_Destination_UK_EP/03_ganja.mp3"	"Abstract; Experimental; Minimal; Electro; Techno"	"RAR017_Tomas_Haas_Destination_UK_EP"
""	"Candidate only. Verify license, genre label, and audio quality before downloading outside the repo and importing as formal CC audio."	"ディープ・ハウス"	"electronic"	"57"	"81"	"review-first"	""	"MNF017 MALA - Hive"	"MALA"	"CC-BY-NC-SA"	"http://creativecommons.org/licenses/by-nc-sa/3.0/"	"https://archive.org/details/MNF017_MALA--Hive"	"https://archive.org/download/MNF017_MALA--Hive/02_MALA_-_Deep_In_Mind.mp3"	"monofonicos; netlabel; house; minimal; break; techno; deep house; dub techno; deephouse; medellin; colombia; MALA; Mala; M.A.L.A.; MALA Hive"	"MNF017_MALA--Hive"
""	"Candidate only. Verify license, genre label, and audio quality before downloading outside the repo and importing as formal CC audio."	"ディープ・ハウス"	"electronic"	"57"	"87"	"review-first"	""	"MNF021 Eviru Dibad - Altitud Sur"	"Dsum"	"CC-BY-SA"	"http://creativecommons.org/licenses/by-sa/3.0/"	"https://archive.org/details/MNF021_Eviru_Dibad--Altitud_Sur"	"https://archive.org/download/MNF021_Eviru_Dibad--Altitud_Sur/02_Eviru_Dibad_-_Latitudes_Intermedias.mp3"	"monofonicos; netlabel; colombia; house; techno; minimal; dub techno; deep house; deep; dub; Medellin; Colombia; Eviru Dibad; Dsum; David Uribe; Eviru Dibad Altitud Sur; Netlabel Colombia"	"MNF021_Eviru_Dibad--Altitud_Sur"
""	"Candidate only. Verify license, genre label, and audio quality before downloading outside the repo and importing as formal CC audio."	"ディープ・ハウス"	"electronic"	"57"	"81"	"review-first"	""	"Digital Nature"	"Jak"	"CC-BY-NC-SA"	"http://creativecommons.org/licenses/by-nc-sa/3.0/"	"https://archive.org/details/RAR012_Jak_Digital_Nature_EP"	"https://archive.org/download/RAR012_Jak_Digital_Nature_EP/03_Somonat.mp3"	"minimal; dub; techno; tech-house; dub-tech; tech-dub; deep"	"RAR012_Jak_Digital_Nature_EP"
""	"Candidate only. Verify license, genre label, and audio quality before downloading outside the repo and importing as formal CC audio."	"ディープ・ハウス"	"electronic"	"57"	"81"	"review-first"	""	"[RAR025] Megatony Strange Feelings EP"	"Megatony"	"CC-BY-NC-SA"	"http://creativecommons.org/licenses/by-nc-sa/3.0/us/"	"https://archive.org/details/RAR025_Megatony_Strange_Feelings_EP"	"https://archive.org/download/RAR025_Megatony_Strange_Feelings_EP/01_Scary.MP3"	"Tech House; Techno; Minimal; Deep Tech"	"RAR025_Megatony_Strange_Feelings_EP"
""	"Candidate only. Verify license, genre label, and audio quality before downloading outside the repo and importing as formal CC audio."	"ディープ・ハウス"	"electronic"	"56"	"76"	"maybe-review"	""	"DJ MITCH - CHAMOMINIMAL"	"deepindub.org"	"CC-BY-NC-ND"	"http://creativecommons.org/licenses/by-nc-nd/2.5/it/"	"https://archive.org/details/mgmix017_djmitch.it_Chamominimal_deepindub.org"	"https://archive.org/download/mgmix017_djmitch.it_Chamominimal_deepindub.org/mgmix017_djmitch.it_Chamominimal_deepindub.org.mp3"	"djmitch; chamominimal; Legoego; Lomov; Freund Der Familie; Asférico; Koerner54; Exos; Marko Fürstenberg; Biodub; De-Fat; O'verb; 2loop; Duckett; Lazzich; Martin Donath; Alex Lowmax; Numlock; Waveform; Zzzzra"	"mgmix017_djmitch.it_Chamominimal_deepindub.org"
""	"Candidate only. Verify license, genre label, and audio quality before downloading outside the repo and importing as formal CC audio."	"ディープ・ハウス"	"electronic"	"56"	"80"	"review-first"	""	"Antena"	"Digital_volt"	"CC-BY-NC"	"http://creativecommons.org/licenses/by-nc/3.0/"	"https://archive.org/details/epa071"	"https://archive.org/download/epa071/08_onda_electromagnetica_algn-rmx.mp3"	""	"epa071"
""	"Candidate only. Verify license, genre label, and audio quality before downloading outside the repo and importing as formal CC audio."	"ディープ・ハウス"	"electronic"	"56"	"80"	"review-first"	""	"Sundown"	"Beat Doctor"	"CC-BY-NC"	"https://creativecommons.org/licenses/by-nc/4.0/"	"https://archive.org/details/tou350"	"https://archive.org/download/tou350/sundown.mp3"	"house music; bassline house; electro house; free music; Creative Commons; netlabels; netaudio; 2019"	"tou350"
""	"Candidate only. Verify license, genre label, and audio quality before downloading outside the repo and importing as formal CC audio."	"ディープ・ハウス"	"electronic"	"55"	"85"	"review-first"	""	"Redmann - The Remixes"	"Redmann"	"CC-BY"	"http://creativecommons.org/licenses/by/2.0/uk/"	"https://archive.org/details/tou268"	"https://archive.org/download/tou268/tou268b.mp3"	"house; dance; electro; uk; british; music; mp3; downloads; free; creative commons; dj friendly; tracks"	"tou268"
""	"Candidate only. Verify license, genre label, and audio quality before downloading outside the repo and importing as formal CC audio."	"ディープ・ハウス"	"electronic"	"55"	"79"	"review-first"	""	"Tears In My Heart and Upside Down remixes"	"Psychadelik Pedestrian vs Aerologic & Notch"	"CC-BY-NC"	"http://creativecommons.org/licenses/by-nc/3.0/"	"https://archive.org/details/tou339"	"https://archive.org/download/tou339/Psychadelik%20Pedestrian%20-%20Upside%20Down%20Aerologic%20remix.mp3"	"EDM; 2017; progressive house; deep house; dance music; music; mp3; club; DJ; free; Creative Commons; netaudio; netlabel"	"tou339"
""	"Candidate only. Verify license, genre label, and audio quality before downloading outside the repo and importing as formal CC audio."	"ディープ・ハウス"	"electronic"	"55"	"75"	"maybe-review"	""	"Lets Try To Sleep Now"	"Blastculture"	"CC-BY-NC-ND"	"http://creativecommons.org/licenses/by-nc-nd/3.0/"	"https://archive.org/details/tou311"	"https://archive.org/download/tou311/tou311_blastculture_let's_try_to_sleep_now.mp3"	"minimal house; tech house; EDM; netlabel"	"tou311"
""	"Candidate only. Verify license, genre label, and audio quality before downloading outside the repo and importing as formal CC audio."	"ディープ・ハウス"	"electronic"	"55"	"79"	"review-first"	""	"alex palumbo - Free Tech-House vol.1"	"alex palumbo"	"CC-BY-NC-SA"	"http://creativecommons.org/licenses/by-nc-sa/3.0/"	"https://archive.org/details/jamendo-056349"	"https://archive.org/download/jamendo-056349/09-477611-alex%20palumbo-felix%20lupus%20-%20nasty%20habits%20_antiritmo%20042_.mp3"	"electronic; energetic; minimal; synthesizer; techno; trance; Album"	"jamendo-056349"
""	"Candidate only. Verify license, genre label, and audio quality before downloading outside the repo and importing as formal CC audio."	"ディープ・ハウス"	"electronic"	"55"	"75"	"maybe-review"	""	"SoUnD WaVeS-official - Notorious B.I.G. Juicy (Forgotten Beauty Sound Waves Remix)"	"SoUnD WaVeS-official"	"CC-BY-NC-ND"	"http://creativecommons.org/licenses/by-nc-nd/3.0/"	"https://archive.org/details/jamendo-177956"	"https://archive.org/download/jamendo-177956/01-1559997-SoUnD%20WaVeS-official-The%20Notorious%20B.I.G.%20-%20Juicy%20_Forgotten%20Beauty%20Sound%20Waves%20Remix_.mp3"	"dubstep; electronica; happy; hiphop; Single"	"jamendo-177956"
""	"Candidate only. Verify license, genre label, and audio quality before downloading outside the repo and importing as formal CC audio."	"ディープ・ハウス"	"electronic"	"55"	"75"	"maybe-review"	""	"Michael Lovatt - Noblesse Oblige - Mata Hari (Michael Lovatt Remix)"	"Michael Lovatt"	"CC-BY-NC-ND"	"http://creativecommons.org/licenses/by-nc-nd/3.0/"	"https://archive.org/details/jamendo-122803"	"https://archive.org/download/jamendo-122803/01-1042975-Michael%20Lovatt-Noblesse%20Oblige%20-%20Mata%20Hari%20_Michael%20Lovatt%20Remix_.mp3"	"dark; darkambient; deephouse; electronic; sexy; synthesizer; Single"	"jamendo-122803"
""	"Candidate only. Verify license, genre label, and audio quality before downloading outside the repo and importing as formal CC audio."	"トラップ"	"black_music"	"74"	"100"	"review-first"	""	"instrumental trap track "	"808 master"	"CC0"	"http://creativecommons.org/publicdomain/zero/1.0/"	"https://archive.org/details/natbombcrap"	"https://archive.org/download/natbombcrap/natbombcrap.mp3"	"instrumental; trap; track; creative commons"	"natbombcrap"
""	"Candidate only. Verify license, genre label, and audio quality before downloading outside the repo and importing as formal CC audio."	"トラップ"	"black_music"	"63"	"93"	"review-first"	""	"10102012 90bpm 1 3"	"13 Mitred Abbots"	"CC-BY"	"http://creativecommons.org/licenses/by/3.0/"	"https://archive.org/details/1010201290bpm13"	"https://archive.org/download/1010201290bpm13/10102012%2090bpm1_3.flac"	"90bpm; 13 mitred abbots; doomtrap; origimal; beat; creative commons"	"1010201290bpm13"
""	"Candidate only. Verify license, genre label, and audio quality before downloading outside the repo and importing as formal CC audio."	"トラップ"	"black_music"	"62"	"92"	"review-first"	""	"TRAP BEAT FREE USE T RAP BASE RAP # DUB # REGGAE"	"(BASE RAP) Sebastián Lorca Díez"	"CC-BY"	"http://creativecommons.org/licenses/by/3.0/"	"https://archive.org/details/TRAPBEATFREEUSETRAPBASERAPDUBREGGAE"	"https://archive.org/download/TRAPBEATFREEUSETRAPBASERAPDUBREGGAE/TrapBeatFreeUse22t-rap22BaseRapdubreggae-1db.mp3"	"TRAP BEAT FREE USE; BASE RAP; #DUB; #REGGAE; T-RAP; TRAP; HIP HOP; FREE USE; CREATIVE COMMONS; MUSIC; 2018; BASE DE RAP; STYLE TRAP; STYLA; REGGAE; DUBSTEP; TYPE BEAT"	"TRAPBEATFREEUSETRAPBASERAPDUBREGGAE"
""	"Candidate only. Verify license, genre label, and audio quality before downloading outside the repo and importing as formal CC audio."	"トラップ"	"black_music"	"62"	"86"	"review-first"	""	"inner-circle"	"Kontraa"	"Creative Commons"	"https://creativecommons.org/publicdomain/mark/1.0/"	"https://archive.org/details/inner-circle"	"https://archive.org/download/inner-circle/inner-circle.flac"	"inner circle; instrumental; trap music; ambient; cinematic; royalty free; background music; soundtrack; ukamusicpublishing; kontraamusic; prajwalkhanal; nepali producer; creative commons; community audio"	"inner-circle"
""	"Candidate only. Verify license, genre label, and audio quality before downloading outside the repo and importing as formal CC audio."	"トラップ"	"black_music"	"61"	"91"	"review-first"	""	"The Gxod Prequel "	"BenJamin Banger"	"CC-BY-SA"	"http://creativecommons.org/licenses/by-sa/4.0/"	"https://archive.org/details/BenjaminBanger"	"https://archive.org/download/BenjaminBanger/The%20Gxod%20Prequel/Tupac.mp3"	"Beats; beat; instrumental; rap beat; hip hop; rap; 808; trap; techno; electric; experimental; trap beat; hardcore; baltimore; instrumental hip hop; instrumentals; hip hop beats"	"BenjaminBanger"
""	"Candidate only. Verify license, genre label, and audio quality before downloading outside the repo and importing as formal CC audio."	"トラップ"	"black_music"	"61"	"63"	"maybe-review"	""	"Open Metalcast Instrumetalcast #6: Tragedy of Slow and Low"	"Craig Maloney"	"CC-BY-NC-ND"	"http://creativecommons.org/licenses/by-nc-nd/3.0/"	"https://archive.org/details/OpenMetalcastInstrumetalcast6TragedyOfSlowAndLow"	"https://archive.org/download/OpenMetalcastInstrumetalcast6TragedyOfSlowAndLow/open_metalcast_instrumetalcast_006.mp3"	"metal; creativecommons; openmetalcast"	"OpenMetalcastInstrumetalcast6TragedyOfSlowAndLow"
""	"Candidate only. Verify license, genre label, and audio quality before downloading outside the repo and importing as formal CC audio."	"トラップ"	"black_music"	"61"	"53"	"reject-or-review-carefully"	"long-mix-or-dj-set"	"[netdj030] choplin - indietronic mixtape"	"choplin"	"CC-BY-NC-ND"	"http://creativecommons.org/licenses/by-nc-nd/3.0/"	"https://archive.org/details/netdj030"	"https://archive.org/download/netdj030/netdj030_choplin_indietronic-mixtape.mp3"	""	"netdj030"
""	"Candidate only. Verify license, genre label, and audio quality before downloading outside the repo and importing as formal CC audio."	"トラップ"	"black_music"	"61"	"81"	"review-first"	""	"Aenvelora - Starlit Outbreak Album Phonk"	"Aenvelora, Aenvelora "	"CC-BY-NC-ND"	"https://creativecommons.org/licenses/by-nc-nd/4.0/"	"https://archive.org/details/aenvelora-cosmic-drift"	"https://archive.org/download/aenvelora-cosmic-drift/Aenvelora%20-%20PulseBreaker%20Ver.%202.flac"	"Phonk; Memphis Phonk; Cyber Phonk; Chill Phonk; Dark Phonk; Cyberwave Phonk; Hyperpop; Drift Phonk; Aenvelora"	"aenvelora-cosmic-drift"
""	"Candidate only. Verify license, genre label, and audio quality before downloading outside the repo and importing as formal CC audio."	"トラップ"	"black_music"	"61"	"81"	"review-first"	""	"Aenvelora - Generation Reset Album"	"Aenvelora, Aenvelora "	"CC-BY-NC-ND"	"https://creativecommons.org/licenses/by-nc-nd/4.0/"	"https://archive.org/details/aenvelora-generation-reset"	"https://archive.org/download/aenvelora-generation-reset/Aenvelora%20-%20Generation%20Reset.flac"	"Phonk; Drift-phonk; Cyber Phonk; Industrial Phonk; Aenvelora"	"aenvelora-generation-reset"
""	"Candidate only. Verify license, genre label, and audio quality before downloading outside the repo and importing as formal CC audio."	"トラップ"	"black_music"	"60"	"90"	"review-first"	""	"Terrorrythmus - Adaption Disorder [YARN003]"	"Terrorrythmus"	"CC-BY"	"http://creativecommons.org/licenses/by/3.0/"	"https://archive.org/details/yarn003"	"https://archive.org/download/yarn003/03-Terrorrythmus-Post_Smack.mp3"	"Yarn Audio; Terrorrythmus; Adaption Disorder; Creative Commons; Music; Musik; Free; Netlabel; Netaudio; CC; Free Music; Bass Music; Bass Musik; Bass; Juke; Trap; Footwork; Electronic; Berlin; Bremen; Future; Future Beats; Mastered; YARN003; Free Download; Trap; Mp3; Wav; Wave; Alac; Flac"	"yarn003"
""	"Candidate only. Verify license, genre label, and audio quality before downloading outside the repo and importing as formal CC audio."	"トラップ"	"black_music"	"60"	"70"	"maybe-review"	""	"Aenvelora - Cyber Drift Phonk"	"Aenvelora, Aenvelora "	"CC-BY-NC-ND"	"https://creativecommons.org/licenses/by-nc-nd/4.0/"	"https://archive.org/details/aenvelora-cyber-drift"	"https://archive.org/download/aenvelora-cyber-drift/Aenvelora%20-%20Midnight%20Drift.flac"	"Phonk; cyber phonk; cyber drift phonk; dark phonk; chill phonk; cyberwave; Aenvelora"	"aenvelora-cyber-drift"
""	"Candidate only. Verify license, genre label, and audio quality before downloading outside the repo and importing as formal CC audio."	"トラップ"	"black_music"	"58"	"88"	"review-first"	""	"THE EYE TRAP RAP TRAP INSTRUMENTAL BEAT"	"Sebastián Lorca Díez, Youtube (BASE RAP)"	"CC-BY"	"http://creativecommons.org/licenses/by/3.0/"	"https://archive.org/details/THEEYETRAPRAPTRAPINSTRUMENTALBEAT"	"https://archive.org/download/THEEYETRAPRAPTRAPINSTRUMENTALBEAT/THE%20EYE%20TRAP%20-%20RAP-TRAP%20INSTRUMENTAL%20BEAT.mp3"	"trap; rap; base de trap; base de rap; trap beat"	"THEEYETRAPRAPTRAPINSTRUMENTALBEAT"
""	"Candidate only. Verify license, genre label, and audio quality before downloading outside the repo and importing as formal CC audio."	"トラップ"	"black_music"	"57"	"77"	"maybe-review"	""	"Dalot - Levelling [pan088]"	"Maria Papadomanolaki"	"CC-BY-NC-ND"	"http://creativecommons.org/licenses/by-nc-nd/3.0/"	"https://archive.org/details/pan088"	"https://archive.org/download/pan088/pan088-dalot-level_2.mp3"	"Electronic; Experimental"	"pan088"
""	"Candidate only. Verify license, genre label, and audio quality before downloading outside the repo and importing as formal CC audio."	"トラップ"	"black_music"	"56"	"76"	"maybe-review"	""	"Infra Red Army - Black Body EP [ns15]"	"Infra Red Army"	"CC-BY-NC-ND"	"http://creativecommons.org/licenses/by-nc-nd/2.5/"	"https://archive.org/details/ns15"	"https://archive.org/download/ns15/03-ira-optimystique.mp3"	"Experimental; Ambient; Easy Listening"	"ns15"
""	"Candidate only. Verify license, genre label, and audio quality before downloading outside the repo and importing as formal CC audio."	"トラップ"	"black_music"	"55"	"79"	"review-first"	""	"Terrorrythmus – Adaption Disorder Remixes Pt. 2 [YARN010]"	"Terrorrythmus"	"CC-BY-NC"	"http://creativecommons.org/licenses/by-nc/4.0/"	"https://archive.org/details/yarn010"	"https://archive.org/download/yarn010/Terrorrythmus-40h_Chris_Geschwindner_Remix.mp3"	"bass; bass music; techno; house; electronic; cc; creative commons; free; release; netlabel; netaudio; ccmusic; berlin; bremen; germany; Terrorrythmus; llyphon; Chris Geschwindner; tobs"	"yarn010"
""	"Candidate only. Verify license, genre label, and audio quality before downloading outside the repo and importing as formal CC audio."	"トラップ"	"black_music"	"55"	"85"	"review-first"	""	"Turning Torso - Jacaranda [YARN004]"	"Turning Torso"	"CC-BY-SA"	"http://creativecommons.org/licenses/by-sa/3.0/"	"https://archive.org/details/yarn004"	"https://archive.org/download/yarn004/Turning_Torso-Jacaranda.flac"	"yarn audio; netlabel; netaudio; berlin; mexico; electronic; music; ccmusic; experimental; idm; cc; creative commons; abstract; bass music"	"yarn004"
""	"Candidate only. Verify license, genre label, and audio quality before downloading outside the repo and importing as formal CC audio."	"ハードコア"	"rock"	"61"	"81"	"review-first"	""	"COREBACKRECORDS64"	"COREBACKRECORDS"	"CC-BY-NC-ND"	"http://creativecommons.org/licenses/by-nc-nd/3.0/"	"https://archive.org/details/COREBACKRECORDS64"	"https://archive.org/download/COREBACKRECORDS64/04_MANSHA_Aku_Soku_Zan.mp3"	""	"COREBACKRECORDS64"
""	"Candidate only. Verify license, genre label, and audio quality before downloading outside the repo and importing as formal CC audio."	"ハードコア"	"rock"	"61"	"81"	"review-first"	""	"Nonsense - Burning Inside"	"Nonsense"	"CC-BY-NC-ND"	"http://creativecommons.org/licenses/by-nc-nd/2.0/"	"https://archive.org/details/NONSENSE_-_Burning_Inside"	"https://archive.org/download/NONSENSE_-_Burning_Inside/06_Nonsense_-_Our_Showdown.mp3"	"hardcore; punk"	"NONSENSE_-_Burning_Inside"
""	"Candidate only. Verify license, genre label, and audio quality before downloading outside the repo and importing as formal CC audio."	"ハードコア"	"rock"	"61"	"85"	"review-first"	""	"[AUDCST027] Mr Headphone - Clinophobia"	"Mr Headphone"	"CC-BY-NC"	"http://creativecommons.org/licenses/by-nc/3.0/"	"https://archive.org/details/audcst027MrHeadphone-Clinophobia"	"https://archive.org/download/audcst027MrHeadphone-Clinophobia/Clinophobia.mp3"	"mr headphone; audiocast productions; netaudio; netlabel; creative commons audio; electronic; drum n bass; alternative; rock; funk; hardcore"	"audcst027MrHeadphone-Clinophobia"
""	"Candidate only. Verify license, genre label, and audio quality before downloading outside the repo and importing as formal CC audio."	"ハードコア"	"rock"	"61"	"85"	"review-first"	""	"Atarix - Better Remedy EP [YARN012]"	"Atarix"	"CC-BY-NC-SA"	"http://creativecommons.org/licenses/by-nc-sa/4.0/"	"https://archive.org/details/yarn012"	"https://archive.org/download/yarn012/02-Atarix-Remedy.mp3"	"bass; bass music; house; uk; ep; electronic; creative commons; cc; cc-by-sa-nc; GEMAfrei; berlin; germany; russia; moscow; netlabel; netaudio; ccmusic"	"yarn012"
""	"Candidate only. Verify license, genre label, and audio quality before downloading outside the repo and importing as formal CC audio."	"ハードコア"	"rock"	"61"	"81"	"review-first"	""	"[FSC004] Very Expensive Porno Movie - Fist Fuck Fever"	"Yes No Wave Music"	"CC-BY-NC-ND"	"http://creativecommons.org/licenses/by-nc-nd/3.0/"	"https://archive.org/details/FSC004"	"https://archive.org/download/FSC004/13__Fist_Fuck_Fever.mp3"	"Very Expensive Porno Movie, hardcore, math-rock, Yes No Wave Music, netlabel"	"FSC004"
""	"Candidate only. Verify license, genre label, and audio quality before downloading outside the repo and importing as formal CC audio."	"ハードコア"	"rock"	"60"	"80"	"review-first"	""	"COREBACKRECORDS53"	"COREBACKRECORDS"	"CC-BY-NC-ND"	"http://creativecommons.org/licenses/by-nc-nd/3.0/"	"https://archive.org/details/COREBACKRECORDS53"	"https://archive.org/download/COREBACKRECORDS53/02_LET_SHADOWS_FEED_MY_DARK_Ciclotimic.mp3"	""	"COREBACKRECORDS53"
""	"Candidate only. Verify license, genre label, and audio quality before downloading outside the repo and importing as formal CC audio."	"ハードコア"	"rock"	"60"	"80"	"review-first"	""	"COREBACKRECORDS50_Man-Sha_and_Kenji_Siratori"	"COREBACKRECORDS"	"CC-BY-NC-ND"	"http://creativecommons.org/licenses/by-nc-nd/3.0/"	"https://archive.org/details/COREBACKRECORDS50_Man-Sha_and_Kenji_Siratori"	"https://archive.org/download/COREBACKRECORDS50_Man-Sha_and_Kenji_Siratori/05_MANSHA_KENJI_SIRATORI_Insane_Asylum.mp3"	""	"COREBACKRECORDS50_Man-Sha_and_Kenji_Siratori"
""	"Candidate only. Verify license, genre label, and audio quality before downloading outside the repo and importing as formal CC audio."	"ハードコア"	"rock"	"60"	"84"	"review-first"	""	"RETOUR A L ANORMAL par LA 6 EME REPUBLIQUE "	"La 6Eme REpublique"	"CC-BY-NC-SA"	"http://creativecommons.org/licenses/by-nc-sa/3.0/"	"https://archive.org/details/LA_SIXIEME_REPUBLIQUE_RETOUR_A_L_ANORMAL"	"https://archive.org/download/LA_SIXIEME_REPUBLIQUE_RETOUR_A_L_ANORMAL/04.ATTENTION_A_LA_MARCHE_LA_6EME_REPUBLIQUE_RETOUR_A_L_ANORMAL.flac"	"Le Colibri Necrophile; La 6ème République; La Sixième République; Ed End; KWAY; Khaoman; ardleg; Yoshiwaku; Noise; Electropunk; Industrial; Power electronics; Experimental; Anarcho; Punk; rock alternatif; Agitprop; Electro; Postpunk; protest; chanson française; noise rock; Free; Free Download; Harsh; post; hardcore; Anarchy; No Wave; Electronics; French; Elections; Industrial Music; Ultra; Dissidents; Poetry; Poem; fRance; Libertarians; Creative Commons"	"LA_SIXIEME_REPUBLIQUE_RETOUR_A_L_ANORMAL"
""	"Candidate only. Verify license, genre label, and audio quality before downloading outside the repo and importing as formal CC audio."	"ハードコア"	"rock"	"60"	"84"	"review-first"	""	"Junk DNA III : A Tribute to David Cronenberg"	"Ed End"	"CC-BY-NC-SA"	"https://creativecommons.org/licenses/by-nc-sa/4.0/"	"https://archive.org/details/Ed_End_Junk_DNA_III"	"https://archive.org/download/Ed_End_Junk_DNA_III/02.Fathom_Exercise_Ed_End_Junk_DNA_III%20.mp3"	"Ed End; Colibri Necrophile; Vivid Tribe Of Psychics; industrial music; witch house; haunted house; drag; triphop; post-industrial; post-punk; power electronics; weird; electro; electropunk; cyberpunk; electronics; dark wave; soundtrack; noise; experimental; industrial; oldschool; no wave; avant-garde; postpunk; surrealism; horror; terror; hardcore; hip hop; dark; art; david cronenberg; cult film; fantastic; strange; lsd; magick; Junk DNA; ADN Junk; DNA; tribute; music; electro; dreamwave; cinema; free; ritual; horsnorme; psychosis; psychotic; psychoactive; outsider art; creative commons; full album; mp3; kaossilator"	"Ed_End_Junk_DNA_III"
""	"Candidate only. Verify license, genre label, and audio quality before downloading outside the repo and importing as formal CC audio."	"ハードコア"	"rock"	"60"	"66"	"maybe-review"	""	"RAAO-2009-COMPILATION-SAMPLE-PACK"	"[RAAO]Network"	"CC-BY-NC"	"http://creativecommons.org/licenses/by-nc/3.0/"	"https://archive.org/details/RAAO-2009-COMPILATION-SAMPLE-PACK"	"https://archive.org/download/RAAO-2009-COMPILATION-SAMPLE-PACK/01_apocalypse-3-original.flac"	""	"RAAO-2009-COMPILATION-SAMPLE-PACK"
""	"Candidate only. Verify license, genre label, and audio quality before downloading outside the repo and importing as formal CC audio."	"ハードコア"	"rock"	"60"	"62"	"maybe-review"	""	"COREBACKRECORDS69"	"COREBACKRECORDS"	"CC-BY-NC-ND"	"http://creativecommons.org/licenses/by-nc-nd/3.0/"	"https://archive.org/details/COREBACKRECORDS69"	"https://archive.org/download/COREBACKRECORDS69/02_MAN.SHA_Vesperal_Scream.mp3"	"Dark ambient; experimental; drone; visual; doom; strange; terror; movie soundtrack; thriller; horror; mad asia; kaidan ega; yurei ega"	"COREBACKRECORDS69"
""	"Candidate only. Verify license, genre label, and audio quality before downloading outside the repo and importing as formal CC audio."	"ハードコア"	"rock"	"60"	"80"	"review-first"	""	"COREBACKRECORDSFREETRACK01"	"COREBACKRECORDSFREETRACK01"	"CC-BY-NC-ND"	"http://creativecommons.org/licenses/by-nc-nd/2.0/fr/"	"https://archive.org/details/COREBACKRECORDSFRETRACK01"	"https://archive.org/download/COREBACKRECORDSFRETRACK01/FANFARE_HOOD_BRACK_AGE_lune_est_soleil_assos.mp3"	""	"COREBACKRECORDSFRETRACK01"
""	"Candidate only. Verify license, genre label, and audio quality before downloading outside the repo and importing as formal CC audio."	"ハードコア"	"rock"	"60"	"80"	"review-first"	""	"COREBACKRECORDS14"	"COREBACKRECORDS014"	"CC-BY-NC-ND"	"http://creativecommons.org/licenses/by-nc-nd/2.0/fr/"	"https://archive.org/details/COREBACKRECORDS014"	"https://archive.org/download/COREBACKRECORDS014/02ShellDivingGraceHome.mp3"	""	"COREBACKRECORDS014"
""	"Candidate only. Verify license, genre label, and audio quality before downloading outside the repo and importing as formal CC audio."	"ハードコア"	"rock"	"60"	"80"	"review-first"	""	"COREBACKRECORDSFREETRACK02"	"COREBACKRECORDS"	"CC-BY-NC-ND"	"http://creativecommons.org/licenses/by-nc-nd/2.0/fr/"	"https://archive.org/details/COREBACKRECORDSFREETRACK02"	"https://archive.org/download/COREBACKRECORDSFREETRACK02/KAG_RAZOR_lune_est_soleil_assos_vbr.mp3"	""	"COREBACKRECORDSFREETRACK02"
""	"Candidate only. Verify license, genre label, and audio quality before downloading outside the repo and importing as formal CC audio."	"ハードコア"	"rock"	"60"	"80"	"review-first"	""	"COREBACKRECORDS59"	"COREBACKRECORDS"	"CC-BY-NC-ND"	"http://creativecommons.org/licenses/by-nc-nd/3.0/"	"https://archive.org/details/COREBACKRECORDS059"	"https://archive.org/download/COREBACKRECORDS059/BUBEN_03_Senakos_Hay_gathering_time.mp3"	""	"COREBACKRECORDS059"
""	"Candidate only. Verify license, genre label, and audio quality before downloading outside the repo and importing as formal CC audio."	"ハードコア"	"rock"	"60"	"80"	"review-first"	""	"COREBACKRECORDS63"	"COREBACKRECORDS"	"CC-BY-NC-ND"	"http://creativecommons.org/licenses/by-nc-nd/3.0/"	"https://archive.org/details/COREBACKRECORDS063"	"https://archive.org/download/COREBACKRECORDS063/04_PARADEIGMA_one_Shout_at_the_one_with_the_wind.mp3"	""	"COREBACKRECORDS063"
""	"Candidate only. Verify license, genre label, and audio quality before downloading outside the repo and importing as formal CC audio."	"ハードコア"	"rock"	"60"	"80"	"review-first"	""	"COREBACKRECORDS054"	"COREBACKRECORDS"	"CC-BY-NC-ND"	"http://creativecommons.org/licenses/by-nc-nd/3.0/"	"https://archive.org/details/COREBACKRECORDS054"	"https://archive.org/download/COREBACKRECORDS054/08_LodemidiQuail_TrogloboticFiendBurial.mp3"	""	"COREBACKRECORDS054"
""	"Candidate only. Verify license, genre label, and audio quality before downloading outside the repo and importing as formal CC audio."	"ハードコア"	"rock"	"60"	"80"	"review-first"	""	"COREBACKRECORDS57"	"COREBACKRECORDS"	"CC-BY-NC-ND"	"http://creativecommons.org/licenses/by-nc-nd/3.0/"	"https://archive.org/details/COREBACKRECORDS57"	"https://archive.org/download/COREBACKRECORDS57/BUBEN_07_Significant.mp3"	""	"COREBACKRECORDS57"
""	"Candidate only. Verify license, genre label, and audio quality before downloading outside the repo and importing as formal CC audio."	"ハードコア"	"rock"	"60"	"80"	"review-first"	""	"COREBACKRECORDS55"	"COREBACKRECORDS"	"CC-BY-NC-ND"	"http://creativecommons.org/licenses/by-nc-nd/3.0/"	"https://archive.org/details/COREBACKRECORDS55"	"https://archive.org/download/COREBACKRECORDS55/07_Waves_vbr.mp3"	""	"COREBACKRECORDS55"
""	"Candidate only. Verify license, genre label, and audio quality before downloading outside the repo and importing as formal CC audio."	"ハードコア"	"rock"	"60"	"80"	"review-first"	""	"COREBACKRECORDS31"	"COREBACKRECORDS"	"CC-BY-NC-ND"	"http://creativecommons.org/licenses/by-nc-nd/2.0/fr/"	"https://archive.org/details/COREBACKRECORDS31"	"https://archive.org/download/COREBACKRECORDS31/11SCREAMSYMPHONIE.mp3"	""	"COREBACKRECORDS31"
""	"Candidate only. Verify license, genre label, and audio quality before downloading outside the repo and importing as formal CC audio."	"ハードコア"	"rock"	"60"	"80"	"review-first"	""	"COREBACKRECORDS58"	"COREBACKRECORDS58"	"CC-BY-NC-ND"	"http://creativecommons.org/licenses/by-nc-nd/3.0/"	"https://archive.org/details/COREBACKRECORDS58"	"https://archive.org/download/COREBACKRECORDS58/ThirdI_08_IIIIIII.mp3"	""	"COREBACKRECORDS58"
""	"Candidate only. Verify license, genre label, and audio quality before downloading outside the repo and importing as formal CC audio."	"ハードコア"	"rock"	"60"	"80"	"review-first"	""	"COREBACKRECORDS27"	"COREBACKRECORDS"	"CC-BY-NC-ND"	"http://creativecommons.org/licenses/by-nc-nd/2.0/fr/"	"https://archive.org/details/COREBACKRECORDS27"	"https://archive.org/download/COREBACKRECORDS27/Augmented2007VIPVersion.mp3"	""	"COREBACKRECORDS27"
""	"Candidate only. Verify license, genre label, and audio quality before downloading outside the repo and importing as formal CC audio."	"ハードコア"	"rock"	"60"	"62"	"maybe-review"	""	"BS052 Mother Superior and Her Fields of Migraine"	"Radio For The Daydreamers"	"CC-BY-NC-ND"	"http://creativecommons.org/licenses/by-nc-nd/3.0/"	"https://archive.org/details/BS052"	"https://archive.org/download/BS052/10-No_One_Ever_Comes_Here_But_Me-Dod_Av_En_Spokelse_Versjon.mp3"	"Post-Rock; Other: Creative Commons; Black Square"	"BS052"
""	"Candidate only. Verify license, genre label, and audio quality before downloading outside the repo and importing as formal CC audio."	"ハードコア"	"rock"	"57"	"59"	"low-confidence-review"	""	"TFR688 - V/A - AccaCì - Italian Hardcore Bands"	"Various Artists"	"CC-BY-NC-ND"	"http://creativecommons.org/licenses/by-nc-nd/3.0/"	"https://archive.org/details/TFR688-VA-AccaCi-ItalianHardcoreBands"	"https://archive.org/download/TFR688-VA-AccaCi-ItalianHardcoreBands/06-Miseria-Medioevo.mp3"	"Various; Artists; AccaCì; Italian; Hardcore; Bands; Punk; Death; Metal; Crust; Torn; Flesh; Records; Italy; Karcavejia; Arteria; Stesso; Sporco; Sangue; Kennel; Anti-Tetanika; Miseria; Fuser; Fight; Club; Fiele; Fuck; you; Fucking; Fuckers; Paintrue; Kappa; Kappa; Kappa; Danny; Trejo; Ulteriori; Carlos; Dunga; Essere; A.D.R.; Clover; Violent; Cunts; Slut; Machine; Spleen; Flipper"	"TFR688-VA-AccaCi-ItalianHardcoreBands"
""	"Candidate only. Verify license, genre label, and audio quality before downloading outside the repo and importing as formal CC audio."	"ハードコア"	"rock"	"57"	"81"	"review-first"	""	"COREBACKRECORDS72"	"COREBACKRECORDS"	"CC-BY-NC-SA"	"http://creativecommons.org/licenses/by-nc-sa/3.0/"	"https://archive.org/details/COREBACKRECORDS72"	"https://archive.org/download/COREBACKRECORDS72/ThirdI_kolaboracija_Bolest_Evropa_01_Wired.mp3"	""	"COREBACKRECORDS72"
""	"Candidate only. Verify license, genre label, and audio quality before downloading outside the repo and importing as formal CC audio."	"ハードコア"	"rock"	"56"	"76"	"maybe-review"	""	"COREBACKRECORDSMIXX04"	"COREBACKRECORDS"	"CC-BY-NC-ND"	"http://creativecommons.org/licenses/by-nc-nd/2.0/fr/"	"https://archive.org/details/COREBACKRECORDSMIXX004"	"https://archive.org/download/COREBACKRECORDSMIXX004/COREBACKRECORDSMIXX04_MANSHA_vbr.mp3"	""	"COREBACKRECORDSMIXX004"
""	"Candidate only. Verify license, genre label, and audio quality before downloading outside the repo and importing as formal CC audio."	"ハードコア"	"rock"	"56"	"76"	"maybe-review"	""	"COREBACKRECORDS19"	"COREBACKRECORDS"	"CC-BY-NC-ND"	"http://creativecommons.org/licenses/by-nc-nd/2.0/fr/"	"https://archive.org/details/COREBACKRECORDS00019"	"https://archive.org/download/COREBACKRECORDS00019/11FKINHOTSYLEv2005.mp3"	""	"COREBACKRECORDS00019"
""	"Candidate only. Verify license, genre label, and audio quality before downloading outside the repo and importing as formal CC audio."	"ハードコア"	"rock"	"56"	"76"	"maybe-review"	""	"COREBACKRECORDS46"	"COREBACKRECORDS"	"CC-BY-NC-ND"	"http://creativecommons.org/licenses/by-nc-nd/2.0/fr/"	"https://archive.org/details/COREBACKRECORDS46"	"https://archive.org/download/COREBACKRECORDS46/10_AAGSF_-_Condition_Of_Full_Calmness.mp3"	""	"COREBACKRECORDS46"
""	"Candidate only. Verify license, genre label, and audio quality before downloading outside the repo and importing as formal CC audio."	"ハードコア"	"rock"	"56"	"76"	"maybe-review"	""	"COREBACKRECORDS41"	"COREBACKRECORDS"	"CC-BY-NC-ND"	"http://creativecommons.org/licenses/by-nc-nd/2.0/fr/"	"https://archive.org/details/COREBACKRECORDS41"	"https://archive.org/download/COREBACKRECORDS41/19FuckYouGodBeStillCat.mp3"	""	"COREBACKRECORDS41"
""	"Candidate only. Verify license, genre label, and audio quality before downloading outside the repo and importing as formal CC audio."	"ハードコア"	"rock"	"56"	"76"	"maybe-review"	""	"COREBACKRECORDS29"	"COREBACKRECORDS"	"CC-BY-NC-ND"	"http://creativecommons.org/licenses/by-nc-nd/2.0/fr/"	"https://archive.org/details/COREBACKRECORDS29"	"https://archive.org/download/COREBACKRECORDS29/07nkscorpdancetonightureach_vbr.mp3"	""	"COREBACKRECORDS29"
""	"Candidate only. Verify license, genre label, and audio quality before downloading outside the repo and importing as formal CC audio."	"ハードコア"	"rock"	"56"	"76"	"maybe-review"	""	"COREBACKRECORDS34"	"COREBACKRECORDS"	"CC-BY-NC-ND"	"http://creativecommons.org/licenses/by-nc-nd/2.0/fr/"	"https://archive.org/details/COREBACKRECORDS34"	"https://archive.org/download/COREBACKRECORDS34/dreDDup01HereWhereDeadWalk.mp3"	""	"COREBACKRECORDS34"
""	"Candidate only. Verify license, genre label, and audio quality before downloading outside the repo and importing as formal CC audio."	"ハードコア"	"rock"	"56"	"76"	"maybe-review"	""	"COREBACKRECORDS40"	"COREBACKRECORDS"	"CC-BY-NC-ND"	"http://creativecommons.org/licenses/by-nc-nd/2.0/fr/"	"https://archive.org/details/COREBACKRECORDS40"	"https://archive.org/download/COREBACKRECORDS40/DrEppoRealActionFigure.mp3"	""	"COREBACKRECORDS40"
""	"Candidate only. Verify license, genre label, and audio quality before downloading outside the repo and importing as formal CC audio."	"ハードコア"	"rock"	"56"	"76"	"maybe-review"	""	"COREBACKRECORDS49"	"COREBACKRECORDS"	"CC-BY-NC-ND"	"http://creativecommons.org/licenses/by-nc-nd/3.0/"	"https://archive.org/details/COREBACKRECORDS49"	"https://archive.org/download/COREBACKRECORDS49/REWARD_REWIND_Untitled_2_vbr.mp3"	""	"COREBACKRECORDS49"
""	"Candidate only. Verify license, genre label, and audio quality before downloading outside the repo and importing as formal CC audio."	"ハードコア"	"rock"	"56"	"76"	"maybe-review"	""	"COREBACKRECORDS07"	"COREBACKRECORDS"	"CC-BY-NC-ND"	"http://creativecommons.org/licenses/by-nc-nd/2.0/fr/"	"https://archive.org/details/COREBACKRECORDS07"	"https://archive.org/download/COREBACKRECORDS07/COREBACKRECORDS07TRACK10ANGELDUSTLIKEPOISON_vbr.mp3"	""	"COREBACKRECORDS07"
""	"Candidate only. Verify license, genre label, and audio quality before downloading outside the repo and importing as formal CC audio."	"ハードコア"	"rock"	"56"	"76"	"maybe-review"	""	"COREBACKRECORDS03"	"COREBACKRECORDS"	"CC-BY-NC-ND"	"http://creativecommons.org/licenses/by-nc-nd/2.0/fr/"	"https://archive.org/details/COREBACKRECORDS03"	"https://archive.org/download/COREBACKRECORDS03/01PREKPRAI_vbr.mp3"	""	"COREBACKRECORDS03"
""	"Candidate only. Verify license, genre label, and audio quality before downloading outside the repo and importing as formal CC audio."	"ハードコア"	"rock"	"56"	"76"	"maybe-review"	""	"COREBACKRECORDS61"	"COREBACKRECORDS"	"CC-BY-NC-ND"	"http://creativecommons.org/licenses/by-nc-nd/3.0/"	"https://archive.org/details/COREBACKRECORDS0061"	"https://archive.org/download/COREBACKRECORDS0061/THIRDI_08_Tristan_Tzara.mp3"	""	"COREBACKRECORDS0061"
""	"Candidate only. Verify license, genre label, and audio quality before downloading outside the repo and importing as formal CC audio."	"ハードコア"	"rock"	"56"	"76"	"maybe-review"	""	"COREBACKRECORDS06"	"COREBACKRECORDS"	"CC-BY-NC-ND"	"http://creativecommons.org/licenses/by-nc-nd/2.0/fr/"	"https://archive.org/details/COREBACKRECORDS06"	"https://archive.org/download/COREBACKRECORDS06/06COREBACKRECORDS06TRACK06bolognaultimoatto_vbr.mp3"	""	"COREBACKRECORDS06"
""	"Candidate only. Verify license, genre label, and audio quality before downloading outside the repo and importing as formal CC audio."	"ハードコア"	"rock"	"56"	"76"	"maybe-review"	""	"COREBACKRECORDS17"	"COREBACKRECORDS"	"CC-BY-NC-ND"	"http://creativecommons.org/licenses/by-nc-nd/2.0/fr/"	"https://archive.org/details/COREBACKRECORDS17"	"https://archive.org/download/COREBACKRECORDS17/SexEyesBaby_vbr.mp3"	""	"COREBACKRECORDS17"
""	"Candidate only. Verify license, genre label, and audio quality before downloading outside the repo and importing as formal CC audio."	"ハードコア"	"rock"	"56"	"76"	"maybe-review"	""	"COREBACKRECORDS38"	"COREBACKRECORDS"	"CC-BY-NC-ND"	"http://creativecommons.org/licenses/by-nc-nd/2.0/fr/"	"https://archive.org/details/COREBACKRECORDS38"	"https://archive.org/download/COREBACKRECORDS38/01TWICENINETEENWakeMeUp.mp3"	""	"COREBACKRECORDS38"
""	"Candidate only. Verify license, genre label, and audio quality before downloading outside the repo and importing as formal CC audio."	"ハードコア"	"rock"	"56"	"76"	"maybe-review"	""	"CBRMIXX08:TWICE NINETEEN Brain Damage mixx"	"COREBACKRECORDS"	"CC-BY-NC-ND"	"http://creativecommons.org/licenses/by-nc-nd/3.0/"	"https://archive.org/details/CBRMIXX08"	"https://archive.org/download/CBRMIXX08/TWICE_NINETEEN_BRAIN_DAMAGE_MIXX.mp3"	""	"CBRMIXX08"
""	"Candidate only. Verify license, genre label, and audio quality before downloading outside the repo and importing as formal CC audio."	"ハードコア"	"rock"	"56"	"76"	"maybe-review"	""	"COREBACKRECORDS68"	"COREBACKRECORDS"	"CC-BY-NC-ND"	"http://creativecommons.org/licenses/by-nc-nd/3.0/"	"https://archive.org/details/COREBACKRECORDS68"	"https://archive.org/download/COREBACKRECORDS68/03_PLAYING_WITH_NUNS_Thai_contact2.mp3"	""	"COREBACKRECORDS68"
""	"Candidate only. Verify license, genre label, and audio quality before downloading outside the repo and importing as formal CC audio."	"ハードコア"	"rock"	"56"	"80"	"review-first"	""	"COREBACKRECORDS73"	"COREBACKRECORDS"	"CC-BY-NC-SA"	"http://creativecommons.org/licenses/by-nc-sa/3.0/"	"https://archive.org/details/COREBACKRECORDS73"	"https://archive.org/download/COREBACKRECORDS73/THIRDI_Sound_Ossification.mp3"	""	"COREBACKRECORDS73"
""	"Candidate only. Verify license, genre label, and audio quality before downloading outside the repo and importing as formal CC audio."	"ハードコア"	"rock"	"56"	"76"	"maybe-review"	""	"COREBACKRECORDS02"	"COREBACKRECORDS"	"CC-BY-NC-ND"	"http://creativecommons.org/licenses/by-nc-nd/2.0/fr/"	"https://archive.org/details/COREBACKRECORDS02"	"https://archive.org/download/COREBACKRECORDS02/0625CLOUDSOFSMOKE.mp3"	""	"COREBACKRECORDS02"
""	"Candidate only. Verify license, genre label, and audio quality before downloading outside the repo and importing as formal CC audio."	"ハードコア"	"rock"	"56"	"76"	"maybe-review"	""	"COREBACKRECORDSMIXX02"	"COREBACKRECORDS"	"CC-BY-NC-ND"	"http://creativecommons.org/licenses/by-nc-nd/2.0/fr/"	"https://archive.org/details/COREBACKRECORDSMIXX02"	"https://archive.org/download/COREBACKRECORDSMIXX02/COREBACKRECORDSMIXX02_MONOLOX_TxN_vbr.mp3"	""	"COREBACKRECORDSMIXX02"
""	"Candidate only. Verify license, genre label, and audio quality before downloading outside the repo and importing as formal CC audio."	"ハードコア"	"rock"	"56"	"76"	"maybe-review"	""	"COREBACKRECORDS20"	"COREBACKRECORDS"	"CC-BY-NC-ND"	"http://creativecommons.org/licenses/by-nc-nd/2.0/fr/"	"https://archive.org/details/COREBACKRECORDS20"	"https://archive.org/download/COREBACKRECORDS20/01AAGSFBio.mp3"	""	"COREBACKRECORDS20"
""	"Candidate only. Verify license, genre label, and audio quality before downloading outside the repo and importing as formal CC audio."	"ハードコア"	"rock"	"56"	"76"	"maybe-review"	""	"COREBACKRECORDS32"	"COREBACKRECORDS"	"CC-BY-NC-ND"	"http://creativecommons.org/licenses/by-nc-nd/2.0/fr/"	"https://archive.org/details/COREBACKRECORDS32"	"https://archive.org/download/COREBACKRECORDS32/02BURGLECUTDesBonnesBieres.mp3"	""	"COREBACKRECORDS32"
""	"Candidate only. Verify license, genre label, and audio quality before downloading outside the repo and importing as formal CC audio."	"ハードコア"	"rock"	"56"	"76"	"maybe-review"	""	"COREBACKRECORDS28"	"COREBACKRECORDS"	"CC-BY-NC-ND"	"http://creativecommons.org/licenses/by-nc-nd/2.0/fr/"	"https://archive.org/details/COREBACKRECORDS28"	"https://archive.org/download/COREBACKRECORDS28/03BoomStick3_vbr.mp3"	""	"COREBACKRECORDS28"
""	"Candidate only. Verify license, genre label, and audio quality before downloading outside the repo and importing as formal CC audio."	"ハードコア"	"rock"	"56"	"76"	"maybe-review"	""	"COREBACKRECORDS24"	"COREBACKRECORDS"	"CC-BY-NC-ND"	"http://creativecommons.org/licenses/by-nc-nd/2.0/fr/"	"https://archive.org/details/COREBACKRECORDS24"	"https://archive.org/download/COREBACKRECORDS24/03ReassemblyOfTransferredPackets.mp3"	""	"COREBACKRECORDS24"
""	"Candidate only. Verify license, genre label, and audio quality before downloading outside the repo and importing as formal CC audio."	"ハードコア"	"rock"	"56"	"76"	"maybe-review"	""	"COREBACKRECORDS21"	"COREBACKRECORDS"	"CC-BY-NC-ND"	"http://creativecommons.org/licenses/by-nc-nd/2.0/fr/"	"https://archive.org/details/COREBACKRECORDS21"	"https://archive.org/download/COREBACKRECORDS21/MELANIEKLEIN02ABITOBLUE.mp3"	""	"COREBACKRECORDS21"
""	"Candidate only. Verify license, genre label, and audio quality before downloading outside the repo and importing as formal CC audio."	"ハードコア"	"rock"	"56"	"76"	"maybe-review"	""	"COREBACKRECORDS45"	"COREBACKRECORDS"	"CC-BY-NC-ND"	"http://creativecommons.org/licenses/by-nc-nd/2.0/fr/"	"https://archive.org/details/COREBACKRECORDS45"	"https://archive.org/download/COREBACKRECORDS45/THIRDI_02_Third_EYE_CRY.mp3"	""	"COREBACKRECORDS45"
